-- SIM全解約データ(正常) 処理日：2019/06/26
-- ライフサイクル状態lifecycle_status：8(解約予定日待ち)
-- ワークフロー状態workflow_status：3(承認済)
-- 解約申込日cancel_application_date：2019/06/25
-- 解約予定日cancel_scheduled_date：2019/06/30
INSERT INTO CONTRACT (ID, CREATED_AT, CREATED_USER_ID, UPDATED_AT, UPDATED_USER_ID, VERSION, CONTRACT_TYPE, PRODUCT_GRP_MASTER_ID, lifecycle_status, workflow_status, IMMUTABLE_CONT_IDENT_NUMBER, CONTRACT_NUMBER, CONTRACT_BRANCH_NUMBER, CONTRACT_DATE, ACCOUNT_SALES_FLG, SERVICE_TERM_START, cancel_scheduled_date, ESTIMATION_NUMBER, ESTIMATION_BRANCH_NUMBER, ESTIMATION_ID, ESTIMATION_TITLE, COMMERCIAL_FLOW_DIV, BILLING_CUSTOMER_SP_CODE, BILLING_CUSTOMER_SP_NAME, CANCEL_REASON, EXTENDS_PARAMETER, RJ_MANAGE_NUMBER, BILLING_START_DATE, CONCLUSION_PREFERRED_DATE, APP_ID, IFS_LINKAGE_CSV_CREATE_STATUS, ISSUE_TAX_CODE_VALUE, CONTACT_NO, SS_WORK_REQUEST_CREATE_STATUS, APPLICATION_DATE, FIXED_DATE, MANUAL_UPDATE_FLG, cancel_application_date) VALUES (140, '2020/04/14 17:08:34.508', 'COTOS_BATCH_USER', '2020/04/20 16:44:41.534', '00229746', 31, '1', 300, '8', '3', 'CIC202004140140', 'CC2020041400140', 1, '2020/04/15', 1, '2020/05/04', '2019/06/30', 'CE2020041400140', 1, 140, 'SIMテスト4', '1', '50510165051', 'トヨタホーム株式＊＊', '1', '{"cpqTransactionId":"38970778","cpqReConfigUrl":"https://ricohtest2.bigmachines.com/commerce/new_equipment/products/model_configs.jsp?_from_punchin=true&actionVarName=addLineItem_t&id=38970778&product_line=telecommunication&model=ricohSim&segment=communication&bm_sales_root_bom_item_id=abo_29f99d54-93ce-43b3-aefb-f052738a54c3&configContextKey=6a7e9dc5-5548-42cc-858b-45103eace31b&reconfigFlg=true"}', 'T020000021', '2020/06/01', '2020/05/04', 'cotos_batch', '0', '10', '22200000001', '0', '2020/04/14', '2020/04/15', 0, '2019/06/25');
INSERT INTO CONTRACT_DETAIL (ID, CREATED_AT, CREATED_USER_ID, UPDATED_AT, UPDATED_USER_ID, VERSION, CONTRACT_ID, STATE, QUANTITY, AMOUNT_SUMMARY, EXTENDS_PARAMETER, UNIT_PRICE, INITIAL_ACCOUNT_SALES_STATUS, BEFORE_QUANTITY, ORDER_NO, FFM_INSIDE_TRANS_STATUS, ABS_CON_INSIDE_TRANS_STATUS, FFM_ACCEPTANCE_LINKING_STATUS) VALUES (140, '2020/04/14 17:08:34.525', 'COTOS_BATCH_USER', '2020/04/14 17:08:36.630', 'COTOS_BATCH_USER', 1, 140, '2', 8, 24000, '{"orderCsvCreationStatus":"0","orderCsvCreationDate":""}', 3000, '2', 0, '11100001', '3', '4', 0);
INSERT INTO CONTRACT_DETAIL (ID, CREATED_AT, CREATED_USER_ID, UPDATED_AT, UPDATED_USER_ID, VERSION, CONTRACT_ID, STATE, QUANTITY, AMOUNT_SUMMARY, EXTENDS_PARAMETER, UNIT_PRICE, INITIAL_ACCOUNT_SALES_STATUS, BEFORE_QUANTITY, ORDER_NO, FFM_INSIDE_TRANS_STATUS, ABS_CON_INSIDE_TRANS_STATUS, FFM_ACCEPTANCE_LINKING_STATUS) VALUES (141, '2020/04/14 17:08:34.533', 'COTOS_BATCH_USER',NULL,NULL, 0, 140, '2', 2, 2560, '{"orderCsvCreationStatus":"1","orderCsvCreationDate":"20200423"}', 1280,NULL, 0,NULL, '3', '4', 0);
INSERT INTO CONTRACT_DETAIL (ID, CREATED_AT, CREATED_USER_ID, UPDATED_AT, UPDATED_USER_ID, VERSION, CONTRACT_ID, STATE, QUANTITY, AMOUNT_SUMMARY, EXTENDS_PARAMETER, UNIT_PRICE, INITIAL_ACCOUNT_SALES_STATUS, BEFORE_QUANTITY, ORDER_NO, FFM_INSIDE_TRANS_STATUS, ABS_CON_INSIDE_TRANS_STATUS, FFM_ACCEPTANCE_LINKING_STATUS) VALUES (142, '2020/04/14 17:08:34.535', 'COTOS_BATCH_USER',NULL,NULL, 0, 140, '2', 2, 3360, '{"orderCsvCreationStatus":"1","orderCsvCreationDate":"20200423"}', 1680,NULL, 0,NULL, '3', '4', 0);
INSERT INTO CONTRACT_DETAIL (ID, CREATED_AT, CREATED_USER_ID, UPDATED_AT, UPDATED_USER_ID, VERSION, CONTRACT_ID, STATE, QUANTITY, AMOUNT_SUMMARY, EXTENDS_PARAMETER, UNIT_PRICE, INITIAL_ACCOUNT_SALES_STATUS, BEFORE_QUANTITY, ORDER_NO, FFM_INSIDE_TRANS_STATUS, ABS_CON_INSIDE_TRANS_STATUS, FFM_ACCEPTANCE_LINKING_STATUS) VALUES (143, '2020/04/14 17:08:34.538', 'COTOS_BATCH_USER',NULL,NULL, 0, 140, '2', 2, 4960, '{"orderCsvCreationStatus":"1","orderCsvCreationDate":"20200423"}', 2480,NULL, 0,NULL, '3', '4', 0);
INSERT INTO CONTRACT_DETAIL (ID, CREATED_AT, CREATED_USER_ID, UPDATED_AT, UPDATED_USER_ID, VERSION, CONTRACT_ID, STATE, QUANTITY, AMOUNT_SUMMARY, EXTENDS_PARAMETER, UNIT_PRICE, INITIAL_ACCOUNT_SALES_STATUS, BEFORE_QUANTITY, ORDER_NO, FFM_INSIDE_TRANS_STATUS, ABS_CON_INSIDE_TRANS_STATUS, FFM_ACCEPTANCE_LINKING_STATUS) VALUES (144, '2020/04/14 17:08:34.540', 'COTOS_BATCH_USER',NULL,NULL, 0, 140, '2', 2, 6360, '{"orderCsvCreationStatus":"1","orderCsvCreationDate":"20200423"}', 3180,NULL, 0,NULL, '3', '4', 0);
INSERT INTO PRODUCT_CONTRACT (ID, CREATED_AT, CREATED_USER_ID, UPDATED_AT, UPDATED_USER_ID, VERSION, PRODUCT_MASTER_ID, PRODUCT_CONTRACT_NAME, REP_ITEM_MASTER_ID, SERVICE_IDENT_NUMBER, CONTRACT_ID, EXTENDS_PARAMETER_ITERANCE) VALUES (140, '2020/04/14 17:08:34.722', 'COTOS_BATCH_USER', '2020/04/15 16:55:05.235', '01396119', '5', '300', 'リコー　モバイル　通信サービス', 0, 'CS2020041400140', 140, '{"extendsParameterList":[{"id":1,"contractType":"新規","productCode":"915868","productName":"リコーモバイル通信サービス　データＳＩＭ（Ｓ）２ＧＢ　月額利用料","lineNumber":"11111","serialNumber":"1","device":"TESTDATA","invoiceNumber":"11"},{"id":2,"contractType":"新規","productCode":"915868","productName":"リコーモバイル通信サービス　データＳＩＭ（Ｓ）２ＧＢ　月額利用料","lineNumber":"22222","serialNumber":"2","device":"","invoiceNumber":"22"},{"id":3,"contractType":"新規","productCode":"915869","productName":"リコーモバイル通信サービス　データＳＩＭ（Ｓ）５ＧＢ　月額利用料","lineNumber":"33333","serialNumber":"3","device":"TEST","invoiceNumber":"33"},{"id":4,"contractType":"新規","productCode":"915869","productName":"リコーモバイル通信サービス　データＳＩＭ（Ｓ）５ＧＢ　月額利用料","lineNumber":"44444","serialNumber":"4","device":"","invoiceNumber":"44"},{"id":5,"contractType":"新規","productCode":"915870","productName":"リコーモバイル通信サービス　データＳＩＭ（Ｓ）１０ＧＢ　月額利用料","lineNumber":"55555","serialNumber":"5","device":"","invoiceNumber":"55"},{"id":6,"contractType":"新規","productCode":"915870","productName":"リコーモバイル通信サービス　データＳＩＭ（Ｓ）１０ＧＢ　月額利用料","lineNumber":"66666","serialNumber":"6","device":"","invoiceNumber":"66"},{"id":7,"contractType":"新規","productCode":"915871","productName":"リコーモバイル通信サービス　データＳＩＭ（Ｓ）２０ＧＢ　月額利用料","lineNumber":"77777","serialNumber":"7","device":"","invoiceNumber":"77"},{"id":8,"contractType":"新規","productCode":"915871","productName":"リコーモバイル通信サービス　データＳＩＭ（Ｓ）２０ＧＢ　月額利用料","lineNumber":"88888","serialNumber":"8","device":"","invoiceNumber":"88"}]}');
INSERT INTO ITEM_CONTRACT (ID, CREATED_AT, CREATED_USER_ID, UPDATED_AT, UPDATED_USER_ID, VERSION, ITEM_MASTER_ID, PRODUCT_MASTER_ID, ITEM_CONTRACT_NAME, RICOH_ITEM_CODE, ITEM_TYPE, COST_TYPE, PARTITION_PRICE, CONTRACT_DETAIL_ID, R_COST, RJ_PURCHASE_PRICE, RJ_DIVIDING_PRICE, MOTHER_STORE_PRICE, IFS_LINKAGE_FLG) VALUES (140, '2020/04/14 17:08:34.530', 'COTOS_BATCH_USER', '2020/04/20 16:44:41.534', '00229746', 23, 3001, 300, 'リコーモバイル通信サービス　データＳＩＭ（Ｓ）新規契約初期費'      , '915864', '1', '1',  602, 140,  602,  602, 0, 0, 0);
INSERT INTO ITEM_CONTRACT (ID, CREATED_AT, CREATED_USER_ID, UPDATED_AT, UPDATED_USER_ID, VERSION, ITEM_MASTER_ID, PRODUCT_MASTER_ID, ITEM_CONTRACT_NAME, RICOH_ITEM_CODE, ITEM_TYPE, COST_TYPE, PARTITION_PRICE, CONTRACT_DETAIL_ID, R_COST, RJ_PURCHASE_PRICE, RJ_DIVIDING_PRICE, MOTHER_STORE_PRICE, IFS_LINKAGE_FLG) VALUES (141, '2020/04/14 17:08:34.534', 'COTOS_BATCH_USER', '2020/04/20 16:44:41.534', '00229746', 23, 3002, 300, 'リコーモバイル通信サービス　データＳＩＭ（Ｓ）２ＧＢ　月額利用料'  , '915868', '1', '2', 1182, 141, 1182, 1182, 0, 0, 1);
INSERT INTO ITEM_CONTRACT (ID, CREATED_AT, CREATED_USER_ID, UPDATED_AT, UPDATED_USER_ID, VERSION, ITEM_MASTER_ID, PRODUCT_MASTER_ID, ITEM_CONTRACT_NAME, RICOH_ITEM_CODE, ITEM_TYPE, COST_TYPE, PARTITION_PRICE, CONTRACT_DETAIL_ID, R_COST, RJ_PURCHASE_PRICE, RJ_DIVIDING_PRICE, MOTHER_STORE_PRICE, IFS_LINKAGE_FLG) VALUES (142, '2020/04/14 17:08:34.536', 'COTOS_BATCH_USER', '2020/04/20 16:44:41.534', '00229746', 23, 3003, 300, 'リコーモバイル通信サービス　データＳＩＭ（Ｓ）５ＧＢ　月額利用料'  , '915869', '1', '2', 1472, 142, 1472, 1472, 0, 0, 1);
INSERT INTO ITEM_CONTRACT (ID, CREATED_AT, CREATED_USER_ID, UPDATED_AT, UPDATED_USER_ID, VERSION, ITEM_MASTER_ID, PRODUCT_MASTER_ID, ITEM_CONTRACT_NAME, RICOH_ITEM_CODE, ITEM_TYPE, COST_TYPE, PARTITION_PRICE, CONTRACT_DETAIL_ID, R_COST, RJ_PURCHASE_PRICE, RJ_DIVIDING_PRICE, MOTHER_STORE_PRICE, IFS_LINKAGE_FLG) VALUES (143, '2020/04/14 17:08:34.539', 'COTOS_BATCH_USER', '2020/04/20 16:44:41.534', '00229746', 23, 3004, 300, 'リコーモバイル通信サービス　データＳＩＭ（Ｓ）１０ＧＢ　月額利用料', '915870', '1', '2', 2232, 143, 2232, 2232, 0, 0, 1);
INSERT INTO ITEM_CONTRACT (ID, CREATED_AT, CREATED_USER_ID, UPDATED_AT, UPDATED_USER_ID, VERSION, ITEM_MASTER_ID, PRODUCT_MASTER_ID, ITEM_CONTRACT_NAME, RICOH_ITEM_CODE, ITEM_TYPE, COST_TYPE, PARTITION_PRICE, CONTRACT_DETAIL_ID, R_COST, RJ_PURCHASE_PRICE, RJ_DIVIDING_PRICE, MOTHER_STORE_PRICE, IFS_LINKAGE_FLG) VALUES (144, '2020/04/14 17:08:34.541', 'COTOS_BATCH_USER', '2020/04/20 16:44:41.534', '00229746', 23, 3005, 300, 'リコーモバイル通信サービス　データＳＩＭ（Ｓ）２０ＧＢ　月額利用料', '915871', '1', '2', 2752, 144, 2752, 2752, 0, 0, 1);
INSERT INTO ARRANGEMENT(ID, VERSION, CONTRACT_ID, DISENGAGEMENT_FLG, WORKFLOW_STATUS) VALUES (140, 0, 140, 0, '1');
INSERT INTO ARRANGEMENT_WORK(ID, VERSION, ARRANGEMENT_ID, ARRANGEMENT_WORK_TYPE_MASTER_ID, WORKFLOW_STATUS, HOLDING_FLG, APP_ID) VALUES (140, 0, 140, 3001, '1', 0, 'cotos_sim');
-- SIM数量減データ(正常) 処理日：2019/06/26
-- ライフサイクル状態lifecycle_status：2(作成完了)
-- ワークフロー状態workflow_status：3(承認済)
-- 契約種別contract_type：2(契約変更)
-- 申込日application_date：2019/06/25
-- サービス利用希望日conclusion_preferred_date：2019/06/30
-- 拡張項目繰返：id=1,8のみcontractType="解約"
INSERT INTO CONTRACT (ID, CREATED_AT, CREATED_USER_ID, UPDATED_AT, UPDATED_USER_ID, VERSION, contract_type, PRODUCT_GRP_MASTER_ID, lifecycle_status, workflow_status, IMMUTABLE_CONT_IDENT_NUMBER, CONTRACT_NUMBER, CONTRACT_BRANCH_NUMBER, CONTRACT_DATE, ACCOUNT_SALES_FLG, SERVICE_TERM_START, cancel_scheduled_date, ESTIMATION_NUMBER, ESTIMATION_BRANCH_NUMBER, ESTIMATION_ID, ESTIMATION_TITLE, COMMERCIAL_FLOW_DIV, BILLING_CUSTOMER_SP_CODE, BILLING_CUSTOMER_SP_NAME, CANCEL_REASON, EXTENDS_PARAMETER, RJ_MANAGE_NUMBER, BILLING_START_DATE, CONCLUSION_PREFERRED_DATE, APP_ID, IFS_LINKAGE_CSV_CREATE_STATUS, ISSUE_TAX_CODE_VALUE, CONTACT_NO, SS_WORK_REQUEST_CREATE_STATUS, application_date, FIXED_DATE, MANUAL_UPDATE_FLG, cancel_application_date) VALUES (150, '2020/04/14 17:08:34.508', 'COTOS_BATCH_USER', '2020/04/20 16:44:41.534', '00229746', 31, '2', 300, '2', '3', 'CIC202004140150', 'CC2020041400150', 1, '2020/04/15', 1, '2020/05/04', '2019/06/30', 'CE2020041400140', 1, 140, 'SIMテスト4', '1', '50510165051', 'トヨタホーム株式＊＊', '1', '{"cpqTransactionId":"38970778","cpqReConfigUrl":"https://ricohtest2.bigmachines.com/commerce/new_equipment/products/model_configs.jsp?_from_punchin=true&actionVarName=addLineItem_t&id=38970778&product_line=telecommunication&model=ricohSim&segment=communication&bm_sales_root_bom_item_id=abo_29f99d54-93ce-43b3-aefb-f052738a54c3&configContextKey=6a7e9dc5-5548-42cc-858b-45103eace31b&reconfigFlg=true"}', 'T020000021', '2020/06/01', '2019/06/30', 'cotos_batch', '0', '10', '22200000001', '0', '2019/06/25', '2020/04/15', 0, '2019/06/25');
INSERT INTO CONTRACT_DETAIL (ID, CREATED_AT, CREATED_USER_ID, UPDATED_AT, UPDATED_USER_ID, VERSION, CONTRACT_ID, STATE, QUANTITY, AMOUNT_SUMMARY, EXTENDS_PARAMETER, UNIT_PRICE, INITIAL_ACCOUNT_SALES_STATUS, BEFORE_QUANTITY, ORDER_NO, FFM_INSIDE_TRANS_STATUS, ABS_CON_INSIDE_TRANS_STATUS, FFM_ACCEPTANCE_LINKING_STATUS) VALUES (150, '2020/04/14 17:08:34.525', 'COTOS_BATCH_USER', '2020/04/14 17:08:36.630', 'COTOS_BATCH_USER', 1, 150, '2', 8, 24000, '{"orderCsvCreationStatus":"0","orderCsvCreationDate":""}', 3000, '2', 0, '11100001', '3', '4', 0);
INSERT INTO CONTRACT_DETAIL (ID, CREATED_AT, CREATED_USER_ID, UPDATED_AT, UPDATED_USER_ID, VERSION, CONTRACT_ID, STATE, QUANTITY, AMOUNT_SUMMARY, EXTENDS_PARAMETER, UNIT_PRICE, INITIAL_ACCOUNT_SALES_STATUS, BEFORE_QUANTITY, ORDER_NO, FFM_INSIDE_TRANS_STATUS, ABS_CON_INSIDE_TRANS_STATUS, FFM_ACCEPTANCE_LINKING_STATUS) VALUES (151, '2020/04/14 17:08:34.533', 'COTOS_BATCH_USER',NULL,NULL, 0, 150, '2', 2, 2560, '{"orderCsvCreationStatus":"1","orderCsvCreationDate":"20200423"}', 1280,NULL, 0,NULL, '3', '4', 0);
INSERT INTO CONTRACT_DETAIL (ID, CREATED_AT, CREATED_USER_ID, UPDATED_AT, UPDATED_USER_ID, VERSION, CONTRACT_ID, STATE, QUANTITY, AMOUNT_SUMMARY, EXTENDS_PARAMETER, UNIT_PRICE, INITIAL_ACCOUNT_SALES_STATUS, BEFORE_QUANTITY, ORDER_NO, FFM_INSIDE_TRANS_STATUS, ABS_CON_INSIDE_TRANS_STATUS, FFM_ACCEPTANCE_LINKING_STATUS) VALUES (152, '2020/04/14 17:08:34.535', 'COTOS_BATCH_USER',NULL,NULL, 0, 150, '2', 2, 3360, '{"orderCsvCreationStatus":"1","orderCsvCreationDate":"20200423"}', 1680,NULL, 0,NULL, '3', '4', 0);
INSERT INTO CONTRACT_DETAIL (ID, CREATED_AT, CREATED_USER_ID, UPDATED_AT, UPDATED_USER_ID, VERSION, CONTRACT_ID, STATE, QUANTITY, AMOUNT_SUMMARY, EXTENDS_PARAMETER, UNIT_PRICE, INITIAL_ACCOUNT_SALES_STATUS, BEFORE_QUANTITY, ORDER_NO, FFM_INSIDE_TRANS_STATUS, ABS_CON_INSIDE_TRANS_STATUS, FFM_ACCEPTANCE_LINKING_STATUS) VALUES (153, '2020/04/14 17:08:34.538', 'COTOS_BATCH_USER',NULL,NULL, 0, 150, '2', 2, 4960, '{"orderCsvCreationStatus":"1","orderCsvCreationDate":"20200423"}', 2480,NULL, 0,NULL, '3', '4', 0);
INSERT INTO CONTRACT_DETAIL (ID, CREATED_AT, CREATED_USER_ID, UPDATED_AT, UPDATED_USER_ID, VERSION, CONTRACT_ID, STATE, QUANTITY, AMOUNT_SUMMARY, EXTENDS_PARAMETER, UNIT_PRICE, INITIAL_ACCOUNT_SALES_STATUS, BEFORE_QUANTITY, ORDER_NO, FFM_INSIDE_TRANS_STATUS, ABS_CON_INSIDE_TRANS_STATUS, FFM_ACCEPTANCE_LINKING_STATUS) VALUES (154, '2020/04/14 17:08:34.540', 'COTOS_BATCH_USER',NULL,NULL, 0, 150, '2', 2, 6360, '{"orderCsvCreationStatus":"1","orderCsvCreationDate":"20200423"}', 3180,NULL, 0,NULL, '3', '4', 0);
INSERT INTO PRODUCT_CONTRACT (ID, CREATED_AT, CREATED_USER_ID, UPDATED_AT, UPDATED_USER_ID, VERSION, PRODUCT_MASTER_ID, PRODUCT_CONTRACT_NAME, REP_ITEM_MASTER_ID, SERVICE_IDENT_NUMBER, CONTRACT_ID, EXTENDS_PARAMETER_ITERANCE) VALUES (150, '2020/04/14 17:08:34.722', 'COTOS_BATCH_USER', '2020/04/15 16:55:05.235', '01396119', '5', '300', 'リコー　モバイル　通信サービス', 0, 'CS2020041400140', 150, '{"extendsParameterList":[]}');
INSERT INTO ITEM_CONTRACT (ID, CREATED_AT, CREATED_USER_ID, UPDATED_AT, UPDATED_USER_ID, VERSION, ITEM_MASTER_ID, PRODUCT_MASTER_ID, ITEM_CONTRACT_NAME, RICOH_ITEM_CODE, ITEM_TYPE, COST_TYPE, PARTITION_PRICE, CONTRACT_DETAIL_ID, R_COST, RJ_PURCHASE_PRICE, RJ_DIVIDING_PRICE, MOTHER_STORE_PRICE, IFS_LINKAGE_FLG) VALUES (150, '2020/04/14 17:08:34.530', 'COTOS_BATCH_USER', '2020/04/20 16:44:41.534', '00229746', 23, 3001, 300, 'リコーモバイル通信サービス　データＳＩＭ（Ｓ）新規契約初期費'      , '915864', '1', '1',  602, 150,  602,  602, 0, 0, 0);
INSERT INTO ITEM_CONTRACT (ID, CREATED_AT, CREATED_USER_ID, UPDATED_AT, UPDATED_USER_ID, VERSION, ITEM_MASTER_ID, PRODUCT_MASTER_ID, ITEM_CONTRACT_NAME, RICOH_ITEM_CODE, ITEM_TYPE, COST_TYPE, PARTITION_PRICE, CONTRACT_DETAIL_ID, R_COST, RJ_PURCHASE_PRICE, RJ_DIVIDING_PRICE, MOTHER_STORE_PRICE, IFS_LINKAGE_FLG) VALUES (151, '2020/04/14 17:08:34.534', 'COTOS_BATCH_USER', '2020/04/20 16:44:41.534', '00229746', 23, 3002, 300, 'リコーモバイル通信サービス　データＳＩＭ（Ｓ）２ＧＢ　月額利用料'  , '915868', '1', '2', 1182, 151, 1182, 1182, 0, 0, 1);
INSERT INTO ITEM_CONTRACT (ID, CREATED_AT, CREATED_USER_ID, UPDATED_AT, UPDATED_USER_ID, VERSION, ITEM_MASTER_ID, PRODUCT_MASTER_ID, ITEM_CONTRACT_NAME, RICOH_ITEM_CODE, ITEM_TYPE, COST_TYPE, PARTITION_PRICE, CONTRACT_DETAIL_ID, R_COST, RJ_PURCHASE_PRICE, RJ_DIVIDING_PRICE, MOTHER_STORE_PRICE, IFS_LINKAGE_FLG) VALUES (152, '2020/04/14 17:08:34.536', 'COTOS_BATCH_USER', '2020/04/20 16:44:41.534', '00229746', 23, 3003, 300, 'リコーモバイル通信サービス　データＳＩＭ（Ｓ）５ＧＢ　月額利用料'  , '915869', '1', '2', 1472, 152, 1472, 1472, 0, 0, 1);
INSERT INTO ITEM_CONTRACT (ID, CREATED_AT, CREATED_USER_ID, UPDATED_AT, UPDATED_USER_ID, VERSION, ITEM_MASTER_ID, PRODUCT_MASTER_ID, ITEM_CONTRACT_NAME, RICOH_ITEM_CODE, ITEM_TYPE, COST_TYPE, PARTITION_PRICE, CONTRACT_DETAIL_ID, R_COST, RJ_PURCHASE_PRICE, RJ_DIVIDING_PRICE, MOTHER_STORE_PRICE, IFS_LINKAGE_FLG) VALUES (153, '2020/04/14 17:08:34.539', 'COTOS_BATCH_USER', '2020/04/20 16:44:41.534', '00229746', 23, 3004, 300, 'リコーモバイル通信サービス　データＳＩＭ（Ｓ）１０ＧＢ　月額利用料', '915870', '1', '2', 2232, 153, 2232, 2232, 0, 0, 1);
INSERT INTO ITEM_CONTRACT (ID, CREATED_AT, CREATED_USER_ID, UPDATED_AT, UPDATED_USER_ID, VERSION, ITEM_MASTER_ID, PRODUCT_MASTER_ID, ITEM_CONTRACT_NAME, RICOH_ITEM_CODE, ITEM_TYPE, COST_TYPE, PARTITION_PRICE, CONTRACT_DETAIL_ID, R_COST, RJ_PURCHASE_PRICE, RJ_DIVIDING_PRICE, MOTHER_STORE_PRICE, IFS_LINKAGE_FLG) VALUES (154, '2020/04/14 17:08:34.541', 'COTOS_BATCH_USER', '2020/04/20 16:44:41.534', '00229746', 23, 3005, 300, 'リコーモバイル通信サービス　データＳＩＭ（Ｓ）２０ＧＢ　月額利用料', '915871', '1', '2', 2752, 154, 2752, 2752, 0, 0, 1);
INSERT INTO ARRANGEMENT(ID, VERSION, CONTRACT_ID, DISENGAGEMENT_FLG, WORKFLOW_STATUS) VALUES (150, 0, 150, 0, '1');
INSERT INTO ARRANGEMENT_WORK(ID, VERSION, ARRANGEMENT_ID, ARRANGEMENT_WORK_TYPE_MASTER_ID, WORKFLOW_STATUS, HOLDING_FLG, APP_ID) VALUES (150, 0, 150, 3001, '1', 0, 'cotos_sim');