Insert into contract_electric (id,created_at,created_user_id,updated_at,updated_user_id,version,contract_id,voltage_category,contract_ymd_end,contract_ymd_start,contract_start_date,first_supply_start_date,send_mail_flg,customer_number,electric_menu) VALUES (1,'2019/07/09 15:17:10','ElecUser','2019/07/09 15:17:10','ElecUser',0,1,'1','2019/06/30','2018/06/29','2018/06/29','2018/06/29',0,'11111101','UT用従量電灯A');
Insert into contract_electric (id,created_at,created_user_id,updated_at,updated_user_id,version,contract_id,voltage_category,contract_ymd_end,contract_ymd_start,contract_start_date,first_supply_start_date,send_mail_flg,customer_number,electric_menu) VALUES (2,'2019/07/09 15:17:10','ElecUser','2019/07/09 15:17:10','ElecUser',0,2,'1','2019/06/30','2018/06/29','2018/06/29','2018/06/29',1,'11111102','UT用従量電灯A');
Insert into contract_electric (id,created_at,created_user_id,updated_at,updated_user_id,version,contract_id,voltage_category,contract_ymd_end,contract_ymd_start,contract_start_date,first_supply_start_date,send_mail_flg,customer_number,electric_menu) VALUES (3,'2019/07/09 15:17:10','ElecUser','2019/07/09 15:17:10','ElecUser',0,3,'1','2019/06/30','2018/06/29','2018/06/29','2018/06/29',0,'11111103','UT用従量電灯A');
Insert into contract_electric (id,created_at,created_user_id,updated_at,updated_user_id,version,contract_id,voltage_category,contract_ymd_end,contract_ymd_start,contract_start_date,first_supply_start_date,send_mail_flg,customer_number,electric_menu) VALUES (4,'2019/07/09 15:17:10','ElecUser','2019/07/09 15:17:10','ElecUser',0,4,'1','2019/06/30','2018/06/29','2018/06/29','2018/06/29',1,'11111104','UT用従量電灯A');
Insert into contract_electric (id,created_at,created_user_id,updated_at,updated_user_id,version,contract_id,voltage_category,contract_ymd_end,contract_ymd_start,contract_start_date,first_supply_start_date,send_mail_flg,customer_number,electric_menu) VALUES (5,'2019/07/09 15:17:10','ElecUser','2019/07/09 15:17:10','ElecUser',0,5,'1','2019/06/30','2018/06/29','2018/06/29','2018/06/29',0,'11111105','UT用従量電灯A');
Insert into contract_electric (id,created_at,created_user_id,updated_at,updated_user_id,version,contract_id,voltage_category,contract_ymd_end,contract_ymd_start,contract_start_date,first_supply_start_date,send_mail_flg,customer_number,electric_menu) VALUES (6,'2019/07/09 15:17:10','ElecUser','2019/07/09 15:17:10','ElecUser',0,6,'1','2019/06/30','2018/06/29','2018/06/29','2018/06/29',1,'11111106','UT用従量電灯A');
Insert into contract_electric (id,created_at,created_user_id,updated_at,updated_user_id,version,contract_id,voltage_category,contract_ymd_end,contract_ymd_start,contract_start_date,first_supply_start_date,send_mail_flg,customer_number,electric_menu) VALUES (7,'2019/07/09 15:17:10','ElecUser','2019/07/09 15:17:10','ElecUser',0,7,'1','2019/07/01','2018/06/30','2018/06/30','2018/06/30',0,'11111107','UT用従量電灯A');
Insert into contract_electric (id,created_at,created_user_id,updated_at,updated_user_id,version,contract_id,voltage_category,contract_ymd_end,contract_ymd_start,contract_start_date,first_supply_start_date,send_mail_flg,customer_number,electric_menu) VALUES (9,'2019/07/09 15:17:10','ElecUser','2019/07/09 15:17:10','ElecUser',0,9,'1','2019/06/30','2018/06/29','2018/06/29','2018/06/29',1,'11111108','UT用従量電灯A');
Insert into contract_electric (id,created_at,created_user_id,updated_at,updated_user_id,version,contract_id,voltage_category,contract_ymd_end,contract_ymd_start,contract_start_date,first_supply_start_date,send_mail_flg,customer_number,electric_menu) VALUES (10,'2019/07/09 15:17:10','ElecUser','2019/07/09 15:17:10','ElecUser',0,10,'1','2019/06/30','2018/06/29','2018/06/29','2018/06/29',0,'11111109','UT用従量電灯A');
Insert into contract_electric (id,created_at,created_user_id,updated_at,updated_user_id,version,contract_id,voltage_category,contract_ymd_end,contract_ymd_start,contract_start_date,first_supply_start_date,send_mail_flg,customer_number,electric_menu) VALUES (11,'2019/07/09 15:17:10','ElecUser','2019/07/09 15:17:10','ElecUser',0,11,'1','2019/06/30','2018/06/29','2018/06/29','2018/06/29',1,'11111110','UT用従量電灯A');
Insert into contract_electric (id,created_at,created_user_id,updated_at,updated_user_id,version,contract_id,voltage_category,contract_ymd_end,contract_ymd_start,contract_start_date,first_supply_start_date,send_mail_flg,customer_number,electric_menu) VALUES (12,'2019/07/09 15:17:10','ElecUser','2019/07/09 15:17:10','ElecUser',0,12,'1','2019/06/30','2018/06/29','2018/06/29','2018/06/29',0,'11111111','UT用従量電灯A');
Insert into contract_electric (id,created_at,created_user_id,updated_at,updated_user_id,version,contract_id,voltage_category,contract_ymd_end,contract_ymd_start,contract_start_date,first_supply_start_date,send_mail_flg,customer_number,electric_menu) VALUES (13,'2019/07/09 15:17:10','ElecUser','2019/07/09 15:17:10','ElecUser',0,13,'1','2019/06/30','2018/06/29','2018/06/29','2018/06/29',1,'11111112','UT用従量電灯A');
Insert into contract_electric (id,created_at,created_user_id,updated_at,updated_user_id,version,contract_id,voltage_category,contract_ymd_end,contract_ymd_start,contract_start_date,first_supply_start_date,send_mail_flg,customer_number,electric_menu) VALUES (14,'2019/07/09 15:17:10','ElecUser','2019/07/09 15:17:10','ElecUser',0,14,'2','2019/06/30','2018/06/29','2018/06/29','2018/06/29',1,'11111113','UT用従量電灯A');
Insert into contract_electric (id,created_at,created_user_id,updated_at,updated_user_id,version,contract_id,voltage_category,contract_ymd_end,contract_ymd_start,contract_start_date,first_supply_start_date,send_mail_flg,customer_number,electric_menu) VALUES (15,'2019/07/09 15:17:10','ElecUser','2019/07/09 15:17:10','ElecUser',0,15,'1','2019/06/30','2018/06/29','2018/06/29','2018/06/29',0,'11111114','UT用従量電灯A');
Insert into contract_electric (id,created_at,created_user_id,updated_at,updated_user_id,version,contract_id,voltage_category,contract_ymd_end,contract_ymd_start,contract_start_date,first_supply_start_date,send_mail_flg,customer_number,electric_menu) VALUES (16,'2019/07/09 15:17:10','ElecUser','2019/07/09 15:17:10','ElecUser',0,16,'2','2019/06/30','2018/06/29','2018/06/29','2018/06/29',0,'11111115','UT用従量電灯A');
Insert into contract_electric (id,created_at,created_user_id,updated_at,updated_user_id,version,contract_id,voltage_category,contract_ymd_end,contract_ymd_start,contract_start_date,first_supply_start_date,send_mail_flg,customer_number,electric_menu) VALUES (17,'2019/07/09 15:17:10','ElecUser','2019/07/09 15:17:10','ElecUser',0,17,'1','2019/06/30','2018/06/29','2018/06/29','2018/06/29',1,'11111116','UT用従量電灯A');
Insert into contract_electric (id,created_at,created_user_id,updated_at,updated_user_id,version,contract_id,voltage_category,contract_ymd_end,contract_ymd_start,contract_start_date,first_supply_start_date,send_mail_flg,customer_number,electric_menu) VALUES (18,'2019/07/09 15:17:10','ElecUser','2019/07/09 15:17:10','ElecUser',0,18,'1','2019/06/30','2018/06/29','2018/06/29','2018/06/29',0,'11111117','UT用従量電灯A');
Insert into contract_electric (id,created_at,created_user_id,updated_at,updated_user_id,version,contract_id,voltage_category,contract_ymd_end,contract_ymd_start,contract_start_date,first_supply_start_date,send_mail_flg,customer_number,electric_menu) VALUES (19,'2019/07/09 15:17:10','ElecUser','2019/07/09 15:17:10','ElecUser',0,19,'2','2019/06/30','2018/06/29','2018/06/29','2018/06/29',1,'11111118','UT用従量電灯A');
Insert into contract_electric (id,created_at,created_user_id,updated_at,updated_user_id,version,contract_id,voltage_category,contract_ymd_end,contract_ymd_start,contract_start_date,first_supply_start_date,send_mail_flg,customer_number,electric_menu) VALUES (20,'2019/07/09 15:17:10','ElecUser','2019/07/09 15:17:10','ElecUser',0,20,'1','2019/06/30','2018/06/29','2018/06/29','2018/06/29',0,'11111119','UT用従量電灯A');
Insert into contract_electric (id,created_at,created_user_id,updated_at,updated_user_id,version,contract_id,voltage_category,contract_ymd_end,contract_ymd_start,contract_start_date,first_supply_start_date,send_mail_flg,customer_number,electric_menu) VALUES (21,'2019/07/09 15:17:10','ElecUser','2019/07/09 15:17:10','ElecUser',0,21,'2','2019/06/30','2018/06/29','2018/06/29','2018/06/29',1,'11111120','UT用従量電灯A');
Insert into contract_electric (id,created_at,created_user_id,updated_at,updated_user_id,version,contract_id,voltage_category,contract_ymd_end,contract_ymd_start,contract_start_date,first_supply_start_date,send_mail_flg,customer_number,electric_menu) VALUES (22,'2019/07/09 15:17:10','ElecUser','2019/07/09 15:17:10','ElecUser',0,22,'1','2019/06/30','2018/06/29','2018/06/29','2018/06/29',0,'11111121','UT用従量電灯A');
Insert into contract_electric (id,created_at,created_user_id,updated_at,updated_user_id,version,contract_id,voltage_category,contract_ymd_end,contract_ymd_start,contract_start_date,first_supply_start_date,send_mail_flg,customer_number,electric_menu) VALUES (23,'2019/07/09 15:17:10','ElecUser','2019/07/09 15:17:10','ElecUser',0,23,'2','2019/06/30','2018/06/29','2018/06/29','2018/06/29',1,'11111122','UT用従量電灯A');
Insert into contract_electric (id,created_at,created_user_id,updated_at,updated_user_id,version,contract_id,voltage_category,contract_ymd_end,contract_ymd_start,contract_start_date,first_supply_start_date,send_mail_flg,customer_number,electric_menu) VALUES (24,'2019/07/09 15:17:10','ElecUser','2019/07/09 15:17:10','ElecUser',0,24,'1','2019/06/30','2018/06/29','2018/06/29','2018/06/29',0,'11111123','UT用従量電灯A');
Insert into contract_electric (id,created_at,created_user_id,updated_at,updated_user_id,version,contract_id,voltage_category,contract_ymd_end,contract_ymd_start,contract_start_date,first_supply_start_date,send_mail_flg,customer_number,electric_menu) VALUES (25,'2019/07/09 15:17:10','ElecUser','2019/07/09 15:17:10','ElecUser',0,25,'1','2019/07/01','2018/06/30','2018/06/30','2018/06/30',1,'11111124','UT用従量電灯A');
Insert into contract_electric (id,created_at,created_user_id,updated_at,updated_user_id,version,contract_id,voltage_category,contract_ymd_end,contract_ymd_start,contract_start_date,first_supply_start_date,send_mail_flg,customer_number,electric_menu) VALUES (26,'2019/07/09 15:17:10','ElecUser','2019/07/09 15:17:10','ElecUser',0,26,'1','2019/07/01','2018/06/30','2018/06/30','2018/06/30',0,'11111125','UT用従量電灯A');
Insert into contract_electric (id,created_at,created_user_id,updated_at,updated_user_id,version,contract_id,voltage_category,contract_ymd_end,contract_ymd_start,contract_start_date,first_supply_start_date,send_mail_flg,customer_number,electric_menu) VALUES (27,'2019/07/09 15:17:10','ElecUser','2019/07/09 15:17:10','ElecUser',0,27,'1','2019/07/01','2018/06/30','2018/06/30','2018/06/30',1,'11111126','UT用従量電灯A');
Insert into contract_electric (id,created_at,created_user_id,updated_at,updated_user_id,version,contract_id,voltage_category,contract_ymd_end,contract_ymd_start,contract_start_date,first_supply_start_date,send_mail_flg,customer_number,electric_menu) VALUES (28,'2019/07/09 15:17:10','ElecUser','2019/07/09 15:17:10','ElecUser',0,28,'1','2019/07/01','2018/06/30','2018/06/30','2018/06/30',0,'11111127','UT用従量電灯A');
Insert into contract_electric (id,created_at,created_user_id,updated_at,updated_user_id,version,contract_id,voltage_category,contract_ymd_end,contract_ymd_start,contract_start_date,first_supply_start_date,send_mail_flg,customer_number,electric_menu) VALUES (29,'2019/07/09 15:17:10','ElecUser','2019/07/09 15:17:10','ElecUser',0,29,'1','2019/07/01','2018/06/30','2018/06/30','2018/06/30',1,'11111128','UT用従量電灯A');
Insert into contract_electric (id,created_at,created_user_id,updated_at,updated_user_id,version,contract_id,voltage_category,contract_ymd_end,contract_ymd_start,contract_start_date,first_supply_start_date,send_mail_flg,customer_number,electric_menu) VALUES (30,'2019/07/09 15:17:10','ElecUser','2019/07/09 15:17:10','ElecUser',0,30,'1','2019/07/01','2018/06/30','2018/06/30','2018/06/30',0,'11111129','UT用従量電灯A');
Insert into contract_electric (id,created_at,created_user_id,updated_at,updated_user_id,version,contract_id,voltage_category,contract_ymd_end,contract_ymd_start,contract_start_date,first_supply_start_date,send_mail_flg,customer_number,electric_menu) VALUES (31,'2019/07/09 15:17:10','ElecUser','2019/07/09 15:17:10','ElecUser',0,31,'1','2019/07/01','2018/06/30','2018/06/30','2018/06/30',1,'11111130','UT用従量電灯A');
Insert into contract_electric (id,created_at,created_user_id,updated_at,updated_user_id,version,contract_id,voltage_category,contract_ymd_end,contract_ymd_start,contract_start_date,first_supply_start_date,send_mail_flg,customer_number,electric_menu) VALUES (32,'2019/07/09 15:17:10','ElecUser','2019/07/09 15:17:10','ElecUser',0,32,'1','2019/07/01','2018/06/30','2018/06/30','2018/06/30',0,'11111131','UT用従量電灯A');
Insert into contract_electric (id,created_at,created_user_id,updated_at,updated_user_id,version,contract_id,voltage_category,contract_ymd_end,contract_ymd_start,contract_start_date,first_supply_start_date,send_mail_flg,customer_number,electric_menu) VALUES (33,'2019/07/09 15:17:10','ElecUser','2019/07/09 15:17:10','ElecUser',0,33,'1','2019/07/01','2018/06/30','2018/06/30','2018/06/30',1,'11111132','UT用従量電灯A');
Insert into contract_electric (id,created_at,created_user_id,updated_at,updated_user_id,version,contract_id,voltage_category,contract_ymd_end,contract_ymd_start,contract_start_date,first_supply_start_date,send_mail_flg,customer_number,electric_menu) VALUES (34,'2019/07/09 15:17:10','ElecUser','2019/07/09 15:17:10','ElecUser',0,34,'1','2019/07/01','2018/06/30','2018/06/30','2018/06/30',0,'11111133','UT用従量電灯A');
Insert into contract_electric (id,created_at,created_user_id,updated_at,updated_user_id,version,contract_id,voltage_category,contract_ymd_end,contract_ymd_start,contract_start_date,first_supply_start_date,send_mail_flg,customer_number,electric_menu) VALUES (35,'2019/07/09 15:17:10','ElecUser','2019/07/09 15:17:10','ElecUser',0,35,'1','2019/07/01','2018/06/30','2018/06/30','2018/06/30',1,'11111134','UT用従量電灯A');
Insert into mail_address_information (id,created_at,created_user_id,updated_at,updated_user_id,version,contract_electric_id,mail_identification,name,mail_address) VALUES (1,'2019/07/09 15:17:10','ElecUser','2019/07/09 15:17:10','ElecUser',0,6,'1','契約担当0601','ut_autoUpdate_cnt_0601@example.com');
Insert into mail_address_information (id,created_at,created_user_id,updated_at,updated_user_id,version,contract_electric_id,mail_identification,name,mail_address) VALUES (2,'2019/07/09 15:17:10','ElecUser','2019/07/09 15:17:10','ElecUser',0,6,'2','ピークアラート担当0602','ut_autoUpdate_pkAl_0602@example.com');
Insert into mail_address_information (id,created_at,created_user_id,updated_at,updated_user_id,version,contract_electric_id,mail_identification,name,mail_address) VALUES (3,'2019/07/09 15:17:10','ElecUser','2019/07/09 15:17:10','ElecUser',0,6,'3','請求先担当0603','ut_autoUpdate_Bill_0603@example.com');
Insert into mail_address_information (id,created_at,created_user_id,updated_at,updated_user_id,version,contract_electric_id,mail_identification,name,mail_address) VALUES (4,'2019/07/09 15:17:10','ElecUser','2019/07/09 15:17:10','ElecUser',0,6,'4','すべて0604','ut_autoUpdate_All_0604@example.com');
Insert into mail_address_information (id,created_at,created_user_id,updated_at,updated_user_id,version,contract_electric_id,mail_identification,name,mail_address) VALUES (5,'2019/07/09 15:17:10','ElecUser','2019/07/09 15:17:10','ElecUser',0,6,'1','契約担当0605','ut_autoUpdate_cnt_0605@example.com');
Insert into mail_address_information (id,created_at,created_user_id,updated_at,updated_user_id,version,contract_electric_id,mail_identification,name,mail_address) VALUES (6,'2019/07/09 15:17:10','ElecUser','2019/07/09 15:17:10','ElecUser',0,6,'4','すべて0606','ut_autoUpdate_All_0606@example.com');
Insert into mail_address_information (id,created_at,created_user_id,updated_at,updated_user_id,version,contract_electric_id,mail_identification,name,mail_address) VALUES (7,'2019/07/09 15:17:10','ElecUser','2019/07/09 15:17:10','ElecUser',0,14,'1','契約担当14','ut_autoUpdate_cnt_14@example.com');
Insert into mail_address_information (id,created_at,created_user_id,updated_at,updated_user_id,version,contract_electric_id,mail_identification,name,mail_address) VALUES (8,'2019/07/09 15:17:10','ElecUser','2019/07/09 15:17:10','ElecUser',0,14,'2','ピークアラート担当14','ut_autoUpdate_pkAl_14@example.com');
Insert into mail_address_information (id,created_at,created_user_id,updated_at,updated_user_id,version,contract_electric_id,mail_identification,name,mail_address) VALUES (9,'2019/07/09 15:17:10','ElecUser','2019/07/09 15:17:10','ElecUser',0,14,'3','請求先担当14','ut_autoUpdate_Bill_14@example.com');
Insert into mail_address_information (id,created_at,created_user_id,updated_at,updated_user_id,version,contract_electric_id,mail_identification,name,mail_address) VALUES (10,'2019/07/09 15:17:10','ElecUser','2019/07/09 15:17:10','ElecUser',0,14,'4','すべて14','ut_autoUpdate_All_14@example.com');
Insert into mail_address_information (id,created_at,created_user_id,updated_at,updated_user_id,version,contract_electric_id,mail_identification,name,mail_address) VALUES (11,'2019/07/09 15:17:10','ElecUser','2019/07/09 15:17:10','ElecUser',0,17,'1','契約担当17','ut_autoUpdate_cnt_17@example.com');
Insert into mail_address_information (id,created_at,created_user_id,updated_at,updated_user_id,version,contract_electric_id,mail_identification,name,mail_address) VALUES (12,'2019/07/09 15:17:10','ElecUser','2019/07/09 15:17:10','ElecUser',0,17,'2','ピークアラート担当17','ut_autoUpdate_pkAl_17@example.com');
Insert into mail_address_information (id,created_at,created_user_id,updated_at,updated_user_id,version,contract_electric_id,mail_identification,name,mail_address) VALUES (13,'2019/07/09 15:17:10','ElecUser','2019/07/09 15:17:10','ElecUser',0,17,'3','請求先担当17','ut_autoUpdate_Bill_17@example.com');
Insert into mail_address_information (id,created_at,created_user_id,updated_at,updated_user_id,version,contract_electric_id,mail_identification,name,mail_address) VALUES (14,'2019/07/09 15:17:10','ElecUser','2019/07/09 15:17:10','ElecUser',0,17,'4','すべて17','ut_autoUpdate_All_17@example.com');
Insert into mail_address_information (id,created_at,created_user_id,updated_at,updated_user_id,version,contract_electric_id,mail_identification,name,mail_address) VALUES (15,'2019/07/09 15:17:10','ElecUser','2019/07/09 15:17:10','ElecUser',0,19,'1','契約担当19','ut_autoUpdate_cnt_19@example.com');
Insert into mail_address_information (id,created_at,created_user_id,updated_at,updated_user_id,version,contract_electric_id,mail_identification,name,mail_address) VALUES (16,'2019/07/09 15:17:10','ElecUser','2019/07/09 15:17:10','ElecUser',0,19,'2','ピークアラート担当19','ut_autoUpdate_pkAl_19@example.com');
Insert into mail_address_information (id,created_at,created_user_id,updated_at,updated_user_id,version,contract_electric_id,mail_identification,name,mail_address) VALUES (17,'2019/07/09 15:17:10','ElecUser','2019/07/09 15:17:10','ElecUser',0,19,'3','請求先担当19','ut_autoUpdate_Bill_19@example.com');
Insert into mail_address_information (id,created_at,created_user_id,updated_at,updated_user_id,version,contract_electric_id,mail_identification,name,mail_address) VALUES (18,'2019/07/09 15:17:10','ElecUser','2019/07/09 15:17:10','ElecUser',0,19,'4','すべて19','ut_autoUpdate_All_19@example.com');
Insert into mail_address_information (id,created_at,created_user_id,updated_at,updated_user_id,version,contract_electric_id,mail_identification,name,mail_address) VALUES (19,'2019/07/09 15:17:10','ElecUser','2019/07/09 15:17:10','ElecUser',0,21,'1','契約担当21','ut_autoUpdate_cnt_21@example.com');
Insert into mail_address_information (id,created_at,created_user_id,updated_at,updated_user_id,version,contract_electric_id,mail_identification,name,mail_address) VALUES (20,'2019/07/09 15:17:10','ElecUser','2019/07/09 15:17:10','ElecUser',0,21,'2','ピークアラート担当21','ut_autoUpdate_pkAl_21@example.com');
Insert into mail_address_information (id,created_at,created_user_id,updated_at,updated_user_id,version,contract_electric_id,mail_identification,name,mail_address) VALUES (21,'2019/07/09 15:17:10','ElecUser','2019/07/09 15:17:10','ElecUser',0,21,'3','請求先担当21','ut_autoUpdate_Bill_21@example.com');
Insert into mail_address_information (id,created_at,created_user_id,updated_at,updated_user_id,version,contract_electric_id,mail_identification,name,mail_address) VALUES (22,'2019/07/09 15:17:10','ElecUser','2019/07/09 15:17:10','ElecUser',0,21,'4','すべて21','ut_autoUpdate_All_21@example.com');
Insert into mail_address_information (id,created_at,created_user_id,updated_at,updated_user_id,version,contract_electric_id,mail_identification,name,mail_address) VALUES (23,'2019/07/09 15:17:10','ElecUser','2019/07/09 15:17:10','ElecUser',0,23,'1','契約担当23','ut_autoUpdate_cnt_23@example.com');
Insert into mail_address_information (id,created_at,created_user_id,updated_at,updated_user_id,version,contract_electric_id,mail_identification,name,mail_address) VALUES (24,'2019/07/09 15:17:10','ElecUser','2019/07/09 15:17:10','ElecUser',0,23,'2','ピークアラート担当23','ut_autoUpdate_pkAl_23@example.com');
Insert into mail_address_information (id,created_at,created_user_id,updated_at,updated_user_id,version,contract_electric_id,mail_identification,name,mail_address) VALUES (25,'2019/07/09 15:17:10','ElecUser','2019/07/09 15:17:10','ElecUser',0,23,'3','請求先担当23','ut_autoUpdate_Bill_23@example.com');
Insert into mail_address_information (id,created_at,created_user_id,updated_at,updated_user_id,version,contract_electric_id,mail_identification,name,mail_address) VALUES (26,'2019/07/09 15:17:10','ElecUser','2019/07/09 15:17:10','ElecUser',0,23,'4','すべて23','ut_autoUpdate_All_23@example.com');
Insert into client_information (id,created_at,created_user_id,updated_at,updated_user_id,version,contract_electric_id,client_code,active_flg,client_master_id) VALUES (1,'2019/07/09 15:17:10','ElecUser','2019/07/09 15:17:10','ElecUser',0,1,'1234567',1,1);
Insert into client_information (id,created_at,created_user_id,updated_at,updated_user_id,version,contract_electric_id,client_code,active_flg,client_master_id) VALUES (2,'2019/07/09 15:17:10','ElecUser','2019/07/09 15:17:10','ElecUser',0,2,'1234567',1,1);
Insert into client_information (id,created_at,created_user_id,updated_at,updated_user_id,version,contract_electric_id,client_code,active_flg,client_master_id) VALUES (3,'2019/07/09 15:17:10','ElecUser','2019/07/09 15:17:10','ElecUser',0,3,'1234567',1,1);
Insert into client_information (id,created_at,created_user_id,updated_at,updated_user_id,version,contract_electric_id,client_code,active_flg,client_master_id) VALUES (4,'2019/07/09 15:17:10','ElecUser','2019/07/09 15:17:10','ElecUser',0,4,'1234567',1,1);
Insert into client_information (id,created_at,created_user_id,updated_at,updated_user_id,version,contract_electric_id,client_code,active_flg,client_master_id) VALUES (5,'2019/07/09 15:17:10','ElecUser','2019/07/09 15:17:10','ElecUser',0,5,'1234567',1,1);
Insert into client_information (id,created_at,created_user_id,updated_at,updated_user_id,version,contract_electric_id,client_code,active_flg,client_master_id) VALUES (6,'2019/07/09 15:17:10','ElecUser','2019/07/09 15:17:10','ElecUser',0,6,'1234567',1,1);
Insert into client_information (id,created_at,created_user_id,updated_at,updated_user_id,version,contract_electric_id,client_code,active_flg,client_master_id) VALUES (7,'2019/07/09 15:17:10','ElecUser','2019/07/09 15:17:10','ElecUser',0,7,'1234567',1,1);
Insert into client_information (id,created_at,created_user_id,updated_at,updated_user_id,version,contract_electric_id,client_code,active_flg,client_master_id) VALUES (8,'2019/07/09 15:17:10','ElecUser','2019/07/09 15:17:10','ElecUser',0,9,'1234567',1,1);
Insert into client_information (id,created_at,created_user_id,updated_at,updated_user_id,version,contract_electric_id,client_code,active_flg,client_master_id) VALUES (9,'2019/07/09 15:17:10','ElecUser','2019/07/09 15:17:10','ElecUser',0,10,'1234567',1,1);
Insert into client_information (id,created_at,created_user_id,updated_at,updated_user_id,version,contract_electric_id,client_code,active_flg,client_master_id) VALUES (10,'2019/07/09 15:17:10','ElecUser','2019/07/09 15:17:10','ElecUser',0,11,'1234567',1,1);
Insert into client_information (id,created_at,created_user_id,updated_at,updated_user_id,version,contract_electric_id,client_code,active_flg,client_master_id) VALUES (11,'2019/07/09 15:17:10','ElecUser','2019/07/09 15:17:10','ElecUser',0,12,'1234567',1,1);
Insert into client_information (id,created_at,created_user_id,updated_at,updated_user_id,version,contract_electric_id,client_code,active_flg,client_master_id) VALUES (12,'2019/07/09 15:17:10','ElecUser','2019/07/09 15:17:10','ElecUser',0,13,'1234567',1,1);
Insert into client_information (id,created_at,created_user_id,updated_at,updated_user_id,version,contract_electric_id,client_code,active_flg,client_master_id) VALUES (13,'2019/07/09 15:17:10','ElecUser','2019/07/09 15:17:10','ElecUser',0,14,'1234567',1,1);
Insert into client_information (id,created_at,created_user_id,updated_at,updated_user_id,version,contract_electric_id,client_code,active_flg,client_master_id) VALUES (14,'2019/07/09 15:17:10','ElecUser','2019/07/09 15:17:10','ElecUser',0,15,'1234567',1,1);
Insert into client_information (id,created_at,created_user_id,updated_at,updated_user_id,version,contract_electric_id,client_code,active_flg,client_master_id) VALUES (15,'2019/07/09 15:17:10','ElecUser','2019/07/09 15:17:10','ElecUser',0,16,'1234567',1,1);
Insert into client_information (id,created_at,created_user_id,updated_at,updated_user_id,version,contract_electric_id,client_code,active_flg,client_master_id) VALUES (16,'2019/07/09 15:17:10','ElecUser','2019/07/09 15:17:10','ElecUser',0,17,'1234567',1,1);
Insert into client_information (id,created_at,created_user_id,updated_at,updated_user_id,version,contract_electric_id,client_code,active_flg,client_master_id) VALUES (17,'2019/07/09 15:17:10','ElecUser','2019/07/09 15:17:10','ElecUser',0,18,'1234567',1,1);
Insert into client_information (id,created_at,created_user_id,updated_at,updated_user_id,version,contract_electric_id,client_code,active_flg,client_master_id) VALUES (18,'2019/07/09 15:17:10','ElecUser','2019/07/09 15:17:10','ElecUser',0,19,'1234567',1,1);
Insert into client_information (id,created_at,created_user_id,updated_at,updated_user_id,version,contract_electric_id,client_code,active_flg,client_master_id) VALUES (19,'2019/07/09 15:17:10','ElecUser','2019/07/09 15:17:10','ElecUser',0,20,'1234567',1,1);
Insert into client_information (id,created_at,created_user_id,updated_at,updated_user_id,version,contract_electric_id,client_code,active_flg,client_master_id) VALUES (20,'2019/07/09 15:17:10','ElecUser','2019/07/09 15:17:10','ElecUser',0,21,'1234567',1,1);
Insert into client_information (id,created_at,created_user_id,updated_at,updated_user_id,version,contract_electric_id,client_code,active_flg,client_master_id) VALUES (21,'2019/07/09 15:17:10','ElecUser','2019/07/09 15:17:10','ElecUser',0,22,'1234567',1,1);
Insert into client_information (id,created_at,created_user_id,updated_at,updated_user_id,version,contract_electric_id,client_code,active_flg,client_master_id) VALUES (22,'2019/07/09 15:17:10','ElecUser','2019/07/09 15:17:10','ElecUser',0,23,'1234567',1,1);
Insert into client_information (id,created_at,created_user_id,updated_at,updated_user_id,version,contract_electric_id,client_code,active_flg,client_master_id) VALUES (23,'2019/07/09 15:17:10','ElecUser','2019/07/09 15:17:10','ElecUser',0,24,'1234567',1,1);
Insert into client_information (id,created_at,created_user_id,updated_at,updated_user_id,version,contract_electric_id,client_code,active_flg,client_master_id) VALUES (24,'2019/07/09 15:17:10','ElecUser','2019/07/09 15:17:10','ElecUser',0,25,'1234567',1,1);
Insert into client_information (id,created_at,created_user_id,updated_at,updated_user_id,version,contract_electric_id,client_code,active_flg,client_master_id) VALUES (25,'2019/07/09 15:17:10','ElecUser','2019/07/09 15:17:10','ElecUser',0,26,'1234567',1,1);
Insert into client_information (id,created_at,created_user_id,updated_at,updated_user_id,version,contract_electric_id,client_code,active_flg,client_master_id) VALUES (26,'2019/07/09 15:17:10','ElecUser','2019/07/09 15:17:10','ElecUser',0,27,'1234567',1,1);
Insert into client_information (id,created_at,created_user_id,updated_at,updated_user_id,version,contract_electric_id,client_code,active_flg,client_master_id) VALUES (27,'2019/07/09 15:17:10','ElecUser','2019/07/09 15:17:10','ElecUser',0,28,'1234567',1,1);
Insert into client_information (id,created_at,created_user_id,updated_at,updated_user_id,version,contract_electric_id,client_code,active_flg,client_master_id) VALUES (28,'2019/07/09 15:17:10','ElecUser','2019/07/09 15:17:10','ElecUser',0,29,'1234567',1,1);
Insert into client_information (id,created_at,created_user_id,updated_at,updated_user_id,version,contract_electric_id,client_code,active_flg,client_master_id) VALUES (29,'2019/07/09 15:17:10','ElecUser','2019/07/09 15:17:10','ElecUser',0,30,'1234567',1,1);
Insert into client_information (id,created_at,created_user_id,updated_at,updated_user_id,version,contract_electric_id,client_code,active_flg,client_master_id) VALUES (30,'2019/07/09 15:17:10','ElecUser','2019/07/09 15:17:10','ElecUser',0,31,'1234567',1,1);
Insert into client_information (id,created_at,created_user_id,updated_at,updated_user_id,version,contract_electric_id,client_code,active_flg,client_master_id) VALUES (31,'2019/07/09 15:17:10','ElecUser','2019/07/09 15:17:10','ElecUser',0,32,'1234567',1,1);
Insert into client_information (id,created_at,created_user_id,updated_at,updated_user_id,version,contract_electric_id,client_code,active_flg,client_master_id) VALUES (32,'2019/07/09 15:17:10','ElecUser','2019/07/09 15:17:10','ElecUser',0,33,'1234567',1,1);
Insert into client_information (id,created_at,created_user_id,updated_at,updated_user_id,version,contract_electric_id,client_code,active_flg,client_master_id) VALUES (33,'2019/07/09 15:17:10','ElecUser','2019/07/09 15:17:10','ElecUser',0,34,'1234567',1,1);
Insert into client_information (id,created_at,created_user_id,updated_at,updated_user_id,version,contract_electric_id,client_code,active_flg,client_master_id) VALUES (34,'2019/07/09 15:17:10','ElecUser','2019/07/09 15:17:10','ElecUser',0,35,'1234567',1,1);
Insert into entry_content_high_pressure (id,created_at,created_user_id,updated_at,updated_user_id,version,contract_electric_id,scale) VALUES (1,'2019/07/09 15:17:10','ElecUser','2019/07/09 15:17:10','ElecUser',0,6,'2');
Insert into entry_content_high_pressure (id,created_at,created_user_id,updated_at,updated_user_id,version,contract_electric_id,scale) VALUES (2,'2019/07/09 15:17:10','ElecUser','2019/07/09 15:17:10','ElecUser',0,15,'1');
Insert into entry_content_high_pressure (id,created_at,created_user_id,updated_at,updated_user_id,version,contract_electric_id,scale) VALUES (3,'2019/07/09 15:17:10','ElecUser','2019/07/09 15:17:10','ElecUser',0,17,'2');
Insert into entry_content_high_pressure (id,created_at,created_user_id,updated_at,updated_user_id,version,contract_electric_id,scale) VALUES (4,'2019/07/09 15:17:10','ElecUser','2019/07/09 15:17:10','ElecUser',0,20,'1');
Insert into entry_content_high_pressure (id,created_at,created_user_id,updated_at,updated_user_id,version,contract_electric_id,scale) VALUES (5,'2019/07/09 15:17:10','ElecUser','2019/07/09 15:17:10','ElecUser',0,22,'2');
Insert into unit_price_high_pressure (id,created_at,created_user_id,updated_at,updated_user_id,version,contract_electric_id) VALUES (1,'2019/07/09 15:17:10','ElecUser','2019/07/09 15:17:10','ElecUser',0,6);
Insert into unit_price_high_pressure (id,created_at,created_user_id,updated_at,updated_user_id,version,contract_electric_id) VALUES (2,'2019/07/09 15:17:10','ElecUser','2019/07/09 15:17:10','ElecUser',0,15);
Insert into unit_price_high_pressure (id,created_at,created_user_id,updated_at,updated_user_id,version,contract_electric_id) VALUES (3,'2019/07/09 15:17:10','ElecUser','2019/07/09 15:17:10','ElecUser',0,17);
Insert into unit_price_high_pressure (id,created_at,created_user_id,updated_at,updated_user_id,version,contract_electric_id) VALUES (4,'2019/07/09 15:17:10','ElecUser','2019/07/09 15:17:10','ElecUser',0,20);
Insert into unit_price_high_pressure (id,created_at,created_user_id,updated_at,updated_user_id,version,contract_electric_id) VALUES (5,'2019/07/09 15:17:10','ElecUser','2019/07/09 15:17:10','ElecUser',0,22);
Insert into entry_content_low_pressure (id,created_at,created_user_id,updated_at,updated_user_id,version,contract_electric_id,basic_meter_reading_date) VALUES (1,'2019/07/09 15:17:10','ElecUser','2019/07/09 15:17:10','ElecUser',0,14,'10');
Insert into entry_content_low_pressure (id,created_at,created_user_id,updated_at,updated_user_id,version,contract_electric_id,basic_meter_reading_date) VALUES (2,'2019/07/09 15:17:10','ElecUser','2019/07/09 15:17:10','ElecUser',0,16,'10');
Insert into entry_content_low_pressure (id,created_at,created_user_id,updated_at,updated_user_id,version,contract_electric_id,basic_meter_reading_date) VALUES (3,'2019/07/09 15:17:10','ElecUser','2019/07/09 15:17:10','ElecUser',0,19,'10');
Insert into entry_content_low_pressure (id,created_at,created_user_id,updated_at,updated_user_id,version,contract_electric_id,basic_meter_reading_date) VALUES (4,'2019/07/09 15:17:10','ElecUser','2019/07/09 15:17:10','ElecUser',0,21,'10');
Insert into entry_content_low_pressure (id,created_at,created_user_id,updated_at,updated_user_id,version,contract_electric_id,basic_meter_reading_date) VALUES (5,'2019/07/09 15:17:10','ElecUser','2019/07/09 15:17:10','ElecUser',0,23,'10');
Insert into unit_price_low_pressure (id,created_at,created_user_id,updated_at,updated_user_id,version,contract_electric_id) VALUES (1,'2019/07/09 15:17:10','ElecUser','2019/07/09 15:17:10','ElecUser',0,14);
Insert into unit_price_low_pressure (id,created_at,created_user_id,updated_at,updated_user_id,version,contract_electric_id) VALUES (2,'2019/07/09 15:17:10','ElecUser','2019/07/09 15:17:10','ElecUser',0,16);
Insert into unit_price_low_pressure (id,created_at,created_user_id,updated_at,updated_user_id,version,contract_electric_id) VALUES (3,'2019/07/09 15:17:10','ElecUser','2019/07/09 15:17:10','ElecUser',0,19);
Insert into unit_price_low_pressure (id,created_at,created_user_id,updated_at,updated_user_id,version,contract_electric_id) VALUES (4,'2019/07/09 15:17:10','ElecUser','2019/07/09 15:17:10','ElecUser',0,21);
Insert into unit_price_low_pressure (id,created_at,created_user_id,updated_at,updated_user_id,version,contract_electric_id) VALUES (5,'2019/07/09 15:17:10','ElecUser','2019/07/09 15:17:10','ElecUser',0,23);
Insert into electric_expert_contract (id,created_at,created_user_id,updated_at,updated_user_id,version,contract_electric_id) VALUES (1,'2019/07/09 15:17:10','ElecUser','2019/07/09 15:17:10','ElecUser',0,6);
Insert into electric_expert_contract (id,created_at,created_user_id,updated_at,updated_user_id,version,contract_electric_id) VALUES (2,'2019/07/09 15:17:10','ElecUser','2019/07/09 15:17:10','ElecUser',0,14);
Insert into electric_expert_contract (id,created_at,created_user_id,updated_at,updated_user_id,version,contract_electric_id) VALUES (3,'2019/07/09 15:17:10','ElecUser','2019/07/09 15:17:10','ElecUser',0,15);
Insert into electric_expert_contract (id,created_at,created_user_id,updated_at,updated_user_id,version,contract_electric_id) VALUES (4,'2019/07/09 15:17:10','ElecUser','2019/07/09 15:17:10','ElecUser',0,16);
Insert into electric_expert_contract (id,created_at,created_user_id,updated_at,updated_user_id,version,contract_electric_id) VALUES (5,'2019/07/09 15:17:10','ElecUser','2019/07/09 15:17:10','ElecUser',0,17);
Insert into electric_expert_contract (id,created_at,created_user_id,updated_at,updated_user_id,version,contract_electric_id) VALUES (6,'2019/07/09 15:17:10','ElecUser','2019/07/09 15:17:10','ElecUser',0,19);
Insert into electric_expert_contract (id,created_at,created_user_id,updated_at,updated_user_id,version,contract_electric_id) VALUES (7,'2019/07/09 15:17:10','ElecUser','2019/07/09 15:17:10','ElecUser',0,20);
Insert into electric_expert_contract (id,created_at,created_user_id,updated_at,updated_user_id,version,contract_electric_id) VALUES (8,'2019/07/09 15:17:10','ElecUser','2019/07/09 15:17:10','ElecUser',0,21);
Insert into electric_expert_contract (id,created_at,created_user_id,updated_at,updated_user_id,version,contract_electric_id) VALUES (9,'2019/07/09 15:17:10','ElecUser','2019/07/09 15:17:10','ElecUser',0,22);
Insert into electric_expert_contract (id,created_at,created_user_id,updated_at,updated_user_id,version,contract_electric_id) VALUES (10,'2019/07/09 15:17:10','ElecUser','2019/07/09 15:17:10','ElecUser',0,23);
Insert into electric_dealer_contract (id,created_at,created_user_id,updated_at,updated_user_id,version,contract_electric_id) VALUES (1,'2019/07/09 15:17:10','ElecUser','2019/07/09 15:17:10','ElecUser',0,6);
Insert into electric_dealer_contract (id,created_at,created_user_id,updated_at,updated_user_id,version,contract_electric_id) VALUES (2,'2019/07/09 15:17:10','ElecUser','2019/07/09 15:17:10','ElecUser',0,14);
Insert into electric_dealer_contract (id,created_at,created_user_id,updated_at,updated_user_id,version,contract_electric_id) VALUES (3,'2019/07/09 15:17:10','ElecUser','2019/07/09 15:17:10','ElecUser',0,15);
Insert into electric_dealer_contract (id,created_at,created_user_id,updated_at,updated_user_id,version,contract_electric_id) VALUES (4,'2019/07/09 15:17:10','ElecUser','2019/07/09 15:17:10','ElecUser',0,16);
Insert into electric_dealer_contract (id,created_at,created_user_id,updated_at,updated_user_id,version,contract_electric_id) VALUES (5,'2019/07/09 15:17:10','ElecUser','2019/07/09 15:17:10','ElecUser',0,17);
Insert into electric_dealer_contract (id,created_at,created_user_id,updated_at,updated_user_id,version,contract_electric_id) VALUES (6,'2019/07/09 15:17:10','ElecUser','2019/07/09 15:17:10','ElecUser',0,19);
Insert into electric_dealer_contract (id,created_at,created_user_id,updated_at,updated_user_id,version,contract_electric_id) VALUES (7,'2019/07/09 15:17:10','ElecUser','2019/07/09 15:17:10','ElecUser',0,20);
Insert into electric_dealer_contract (id,created_at,created_user_id,updated_at,updated_user_id,version,contract_electric_id) VALUES (8,'2019/07/09 15:17:10','ElecUser','2019/07/09 15:17:10','ElecUser',0,21);
Insert into electric_dealer_contract (id,created_at,created_user_id,updated_at,updated_user_id,version,contract_electric_id) VALUES (9,'2019/07/09 15:17:10','ElecUser','2019/07/09 15:17:10','ElecUser',0,22);
Insert into electric_dealer_contract (id,created_at,created_user_id,updated_at,updated_user_id,version,contract_electric_id) VALUES (10,'2019/07/09 15:17:10','ElecUser','2019/07/09 15:17:10','ElecUser',0,23);
Insert into important_point_explainer (id,created_at,created_user_id,updated_at,updated_user_id,version,contract_electric_id) VALUES (1,'2019/07/09 15:17:10','ElecUser','2019/07/09 15:17:10','ElecUser',0,6);
Insert into important_point_explainer (id,created_at,created_user_id,updated_at,updated_user_id,version,contract_electric_id) VALUES (2,'2019/07/09 15:17:10','ElecUser','2019/07/09 15:17:10','ElecUser',0,14);
Insert into important_point_explainer (id,created_at,created_user_id,updated_at,updated_user_id,version,contract_electric_id) VALUES (3,'2019/07/09 15:17:10','ElecUser','2019/07/09 15:17:10','ElecUser',0,15);
Insert into important_point_explainer (id,created_at,created_user_id,updated_at,updated_user_id,version,contract_electric_id) VALUES (4,'2019/07/09 15:17:10','ElecUser','2019/07/09 15:17:10','ElecUser',0,16);
Insert into important_point_explainer (id,created_at,created_user_id,updated_at,updated_user_id,version,contract_electric_id) VALUES (5,'2019/07/09 15:17:10','ElecUser','2019/07/09 15:17:10','ElecUser',0,17);
Insert into important_point_explainer (id,created_at,created_user_id,updated_at,updated_user_id,version,contract_electric_id) VALUES (6,'2019/07/09 15:17:10','ElecUser','2019/07/09 15:17:10','ElecUser',0,19);
Insert into important_point_explainer (id,created_at,created_user_id,updated_at,updated_user_id,version,contract_electric_id) VALUES (7,'2019/07/09 15:17:10','ElecUser','2019/07/09 15:17:10','ElecUser',0,20);
Insert into important_point_explainer (id,created_at,created_user_id,updated_at,updated_user_id,version,contract_electric_id) VALUES (8,'2019/07/09 15:17:10','ElecUser','2019/07/09 15:17:10','ElecUser',0,21);
Insert into important_point_explainer (id,created_at,created_user_id,updated_at,updated_user_id,version,contract_electric_id) VALUES (9,'2019/07/09 15:17:10','ElecUser','2019/07/09 15:17:10','ElecUser',0,22);
Insert into important_point_explainer (id,created_at,created_user_id,updated_at,updated_user_id,version,contract_electric_id) VALUES (10,'2019/07/09 15:17:10','ElecUser','2019/07/09 15:17:10','ElecUser',0,23);
Insert into contract_electric_attached_file (id,created_at,created_user_id,updated_at,updated_user_id,version,contract_electric_id,file_name,electric_file_type,target_required_flg,active_flg,attached_file_id,document_name) VALUES (1,'2019/07/09 15:17:10','ElecUser','2019/07/09 15:17:10','ElecUser',0,6,'6用ファイル','1','0','1',1,'書類1');
Insert into contract_electric_attached_file (id,created_at,created_user_id,updated_at,updated_user_id,version,contract_electric_id,file_name,electric_file_type,target_required_flg,active_flg,attached_file_id,document_name) VALUES (2,'2019/07/09 15:17:10','ElecUser','2019/07/09 15:17:10','ElecUser',0,14,'14用ファイル','2','0','1',2,'書類2');
Insert into contract_electric_attached_file (id,created_at,created_user_id,updated_at,updated_user_id,version,contract_electric_id,file_name,electric_file_type,target_required_flg,active_flg,attached_file_id,document_name) VALUES (3,'2019/07/09 15:17:10','ElecUser','2019/07/09 15:17:10','ElecUser',0,15,'15用ファイル','3','0','1',3,'書類3');
Insert into contract_electric_attached_file (id,created_at,created_user_id,updated_at,updated_user_id,version,contract_electric_id,file_name,electric_file_type,target_required_flg,active_flg,attached_file_id,document_name) VALUES (4,'2019/07/09 15:17:10','ElecUser','2019/07/09 15:17:10','ElecUser',0,16,'16用ファイル','99','0','1',4,'書類4');
Insert into contract_electric_attached_file (id,created_at,created_user_id,updated_at,updated_user_id,version,contract_electric_id,file_name,electric_file_type,target_required_flg,active_flg,attached_file_id,document_name) VALUES (5,'2019/07/09 15:17:10','ElecUser','2019/07/09 15:17:10','ElecUser',0,17,'17用ファイル','1','0','1',5,'書類5');
Insert into contract_electric_attached_file (id,created_at,created_user_id,updated_at,updated_user_id,version,contract_electric_id,file_name,electric_file_type,target_required_flg,active_flg,attached_file_id,document_name) VALUES (6,'2019/07/09 15:17:10','ElecUser','2019/07/09 15:17:10','ElecUser',0,19,'19用ファイル','2','0','1',6,'書類6');
Insert into contract_electric_attached_file (id,created_at,created_user_id,updated_at,updated_user_id,version,contract_electric_id,file_name,electric_file_type,target_required_flg,active_flg,attached_file_id,document_name) VALUES (7,'2019/07/09 15:17:10','ElecUser','2019/07/09 15:17:10','ElecUser',0,20,'20用ファイル','3','0','1',7,'書類7');
Insert into contract_electric_attached_file (id,created_at,created_user_id,updated_at,updated_user_id,version,contract_electric_id,file_name,electric_file_type,target_required_flg,active_flg,attached_file_id,document_name) VALUES (8,'2019/07/09 15:17:10','ElecUser','2019/07/09 15:17:10','ElecUser',0,21,'21用ファイル','99','0','1',8,'書類8');
Insert into contract_electric_attached_file (id,created_at,created_user_id,updated_at,updated_user_id,version,contract_electric_id,file_name,electric_file_type,target_required_flg,active_flg,attached_file_id,document_name) VALUES (9,'2019/07/09 15:17:10','ElecUser','2019/07/09 15:17:10','ElecUser',0,22,'22用ファイル','1','0','1',9,'書類9');
Insert into contract_electric_attached_file (id,created_at,created_user_id,updated_at,updated_user_id,version,contract_electric_id,file_name,electric_file_type,target_required_flg,active_flg,attached_file_id,document_name) VALUES (10,'2019/07/09 15:17:10','ElecUser','2019/07/09 15:17:10','ElecUser',0,23,'23用ファイル','2','0','1',10,'書類10');
alter sequence contract_electric_seq restart start with 1000;
alter sequence mail_address_information_seq restart start with 1000;
alter sequence client_information_seq restart start with 1000;
alter sequence entry_content_high_pressure_seq restart start with 1000;
alter sequence unit_price_high_pressure_seq restart start with 1000;
alter sequence entry_content_low_pressure_seq restart start with 1000;
alter sequence unit_price_low_pressure_seq restart start with 1000;
alter sequence electric_expert_contract_seq restart start with 1000;
alter sequence electric_dealer_contract_seq restart start with 1000;
alter sequence important_point_explainer_seq restart start with 1000;
alter sequence contract_electric_attached_file_seq restart start with 1000;
