INSERT INTO contract (id,created_at,created_user_id,updated_at,updated_user_id,version,contract_type,product_grp_master_id,lifecycle_status,workflow_status,immutable_cont_ident_number,case_number,case_title,contract_number,contract_branch_number,contract_title,origin_contract_number,origin_contract_branch_number,origin_contract_id,change_preferred_date,contract_date,account_sales_flg,billing_date,service_term_start,service_term_end,cancel_scheduled_date,estimation_number,estimation_branch_number,estimation_id,estimation_title,commercial_flow_div,issue_format,billing_customer_sp_code,billing_customer_sp_name,payment_terms,payment_method,extends_parameter,cancel_reason,cancel_reason_etc,web_order_number,rj_manage_number,billing_start_date,ifs_linkage_csv_create_status) VALUES (1,'2018/11/26 12:09:10','COTOSforRSI','2018/11/26 12:09:10','COTOSforRSI',1,'1',100,'6','7','CIC2018112600001',null,'01','CC2018112600001',1,'RICOH Smart Integretion',null,null,null,null,null,1,'2018/11/17','2018/11/16','2019/11/16','2020/11/16',null,null,null,null,'1',null,null,null,null,null,null,null,null,'RSIC000001','RKOR000001','2018/11/17','0');
Insert into CONTRACT (ID,CREATED_AT,CREATED_USER_ID,UPDATED_AT,UPDATED_USER_ID,VERSION,CONTRACT_TYPE,PRODUCT_GRP_MASTER_ID,LIFECYCLE_STATUS,WORKFLOW_STATUS,IMMUTABLE_CONT_IDENT_NUMBER,CASE_NUMBER,CASE_TITLE,CONTRACT_NUMBER,CONTRACT_BRANCH_NUMBER,CONTRACT_TITLE,ORIGIN_CONTRACT_NUMBER,ORIGIN_CONTRACT_BRANCH_NUMBER,ORIGIN_CONTRACT_ID,CHANGE_PREFERRED_DATE,CONTRACT_DATE,ACCOUNT_SALES_FLG,BILLING_DATE,SERVICE_TERM_START,SERVICE_TERM_END,CANCEL_SCHEDULED_DATE,ESTIMATION_NUMBER,ESTIMATION_BRANCH_NUMBER,ESTIMATION_ID,ESTIMATION_TITLE,COMMERCIAL_FLOW_DIV,ISSUE_FORMAT,BILLING_CUSTOMER_SP_CODE,BILLING_CUSTOMER_SP_NAME,PAYMENT_TERMS,PAYMENT_METHOD,CANCEL_REASON,CANCEL_REASON_ETC,WEB_ORDER_NUMBER,RJ_MANAGE_NUMBER,BILLING_START_DATE,IFS_LINKAGE_CSV_CREATE_STATUS) values (147,to_timestamp('18-12-28 10:51:35.402000000','RR-MM-DD HH24:MI:SSXFF'),'COTOS_BATCH_USER',to_timestamp('18-12-28 10:51:35.672000000','RR-MM-DD HH24:MI:SSXFF'),'COTOS_BATCH_USER',0,'1',100,'7','7','CIC201812280140',null,null,'CC2018122800147',1,'RICOH Smart Integretion',null,null,null,null,to_date('18-11-16','RR-MM-DD'),1,null,to_date('18-11-16','RR-MM-DD'),to_date('19-11-16', 'RR-MM-DD'),to_date('20-11-16','RR-MM-DD'),null,null,null,null,'1',null,'73398917',null,null,null,null,null,'RSIC000001','RKOR000001',to_date('18-11-17','RR-MM-DD'),'0');
Insert into CONTRACT (ID,CREATED_AT,CREATED_USER_ID,UPDATED_AT,UPDATED_USER_ID,VERSION,CONTRACT_TYPE,PRODUCT_GRP_MASTER_ID,LIFECYCLE_STATUS,WORKFLOW_STATUS,IMMUTABLE_CONT_IDENT_NUMBER,CASE_NUMBER,CASE_TITLE,CONTRACT_NUMBER,CONTRACT_BRANCH_NUMBER,CONTRACT_TITLE,ORIGIN_CONTRACT_NUMBER,ORIGIN_CONTRACT_BRANCH_NUMBER,ORIGIN_CONTRACT_ID,CHANGE_PREFERRED_DATE,CONTRACT_DATE,ACCOUNT_SALES_FLG,BILLING_DATE,SERVICE_TERM_START,SERVICE_TERM_END,CANCEL_SCHEDULED_DATE,ESTIMATION_NUMBER,ESTIMATION_BRANCH_NUMBER,ESTIMATION_ID,ESTIMATION_TITLE,COMMERCIAL_FLOW_DIV,ISSUE_FORMAT,BILLING_CUSTOMER_SP_CODE,BILLING_CUSTOMER_SP_NAME,PAYMENT_TERMS,PAYMENT_METHOD,CANCEL_REASON,CANCEL_REASON_ETC,WEB_ORDER_NUMBER,RJ_MANAGE_NUMBER,BILLING_START_DATE,IFS_LINKAGE_CSV_CREATE_STATUS) values (148,to_timestamp('18-12-28 10:51:35.402000000','RR-MM-DD HH24:MI:SSXFF'),'COTOS_BATCH_USER',to_timestamp('18-12-28 10:51:35.672000000','RR-MM-DD HH24:MI:SSXFF'),'COTOS_BATCH_USER',0,'1',100,'7','7','CIC201812280140',null,null,'CC2018122800148',1,'RICOH Smart Integretion',null,null,null,null,to_date('18-11-16','RR-MM-DD'),1,null,to_date('18-11-16','RR-MM-DD'),to_date('19-11-16', 'RR-MM-DD'),to_date('20-11-16','RR-MM-DD'),null,null,null,null,'1',null,'73398917',null,null,null,null,null,'RSIC000001','RKOR000001',to_date('18-11-17','RR-MM-DD'),'0');
Insert into CONTRACT (ID,CREATED_AT,CREATED_USER_ID,UPDATED_AT,UPDATED_USER_ID,VERSION,CONTRACT_TYPE,PRODUCT_GRP_MASTER_ID,LIFECYCLE_STATUS,WORKFLOW_STATUS,IMMUTABLE_CONT_IDENT_NUMBER,CASE_NUMBER,CASE_TITLE,CONTRACT_NUMBER,CONTRACT_BRANCH_NUMBER,CONTRACT_TITLE,ORIGIN_CONTRACT_NUMBER,ORIGIN_CONTRACT_BRANCH_NUMBER,ORIGIN_CONTRACT_ID,CHANGE_PREFERRED_DATE,CONTRACT_DATE,ACCOUNT_SALES_FLG,BILLING_DATE,SERVICE_TERM_START,SERVICE_TERM_END,CANCEL_SCHEDULED_DATE,ESTIMATION_NUMBER,ESTIMATION_BRANCH_NUMBER,ESTIMATION_ID,ESTIMATION_TITLE,COMMERCIAL_FLOW_DIV,ISSUE_FORMAT,BILLING_CUSTOMER_SP_CODE,BILLING_CUSTOMER_SP_NAME,PAYMENT_TERMS,PAYMENT_METHOD,CANCEL_REASON,CANCEL_REASON_ETC,WEB_ORDER_NUMBER,RJ_MANAGE_NUMBER,BILLING_START_DATE,IFS_LINKAGE_CSV_CREATE_STATUS) values (149,to_timestamp('18-12-28 10:51:35.402000000','RR-MM-DD HH24:MI:SSXFF'),'COTOS_BATCH_USER',to_timestamp('18-12-28 10:51:35.672000000','RR-MM-DD HH24:MI:SSXFF'),'COTOS_BATCH_USER',0,'1',100,'5','7','CIC201812280140',null,null,'CC2018122800149',1,'RICOH Smart Integretion',null,null,null,null,to_date('18-11-16','RR-MM-DD'),1,null,to_date('18-11-16','RR-MM-DD'),to_date('19-11-16', 'RR-MM-DD'),to_date('20-11-16','RR-MM-DD'),null,null,null,null,'1',null,'73398917',null,null,null,null,null,'RSIC000001','RKOR000001',to_date('18-11-17','RR-MM-DD'),'0');
Insert into CONTRACT (ID,CREATED_AT,CREATED_USER_ID,UPDATED_AT,UPDATED_USER_ID,VERSION,CONTRACT_TYPE,PRODUCT_GRP_MASTER_ID,LIFECYCLE_STATUS,WORKFLOW_STATUS,IMMUTABLE_CONT_IDENT_NUMBER,CASE_NUMBER,CASE_TITLE,CONTRACT_NUMBER,CONTRACT_BRANCH_NUMBER,CONTRACT_TITLE,ORIGIN_CONTRACT_NUMBER,ORIGIN_CONTRACT_BRANCH_NUMBER,ORIGIN_CONTRACT_ID,CHANGE_PREFERRED_DATE,CONTRACT_DATE,ACCOUNT_SALES_FLG,BILLING_DATE,SERVICE_TERM_START,SERVICE_TERM_END,CANCEL_SCHEDULED_DATE,ESTIMATION_NUMBER,ESTIMATION_BRANCH_NUMBER,ESTIMATION_ID,ESTIMATION_TITLE,COMMERCIAL_FLOW_DIV,ISSUE_FORMAT,BILLING_CUSTOMER_SP_CODE,BILLING_CUSTOMER_SP_NAME,PAYMENT_TERMS,PAYMENT_METHOD,CANCEL_REASON,CANCEL_REASON_ETC,WEB_ORDER_NUMBER,RJ_MANAGE_NUMBER,BILLING_START_DATE,IFS_LINKAGE_CSV_CREATE_STATUS) values (150,to_timestamp('18-12-28 10:51:35.402000000','RR-MM-DD HH24:MI:SSXFF'),'COTOS_BATCH_USER',to_timestamp('18-12-28 10:51:35.672000000','RR-MM-DD HH24:MI:SSXFF'),'COTOS_BATCH_USER',0,'1',100,'6','7','CIC201812280140',null,null,'CC2018122800150',1,'RICOH Smart Integretion',null,null,null,null,to_date('18-11-16','RR-MM-DD'),1,null,to_date('18-11-16','RR-MM-DD'),to_date('19-11-16', 'RR-MM-DD'),to_date('20-11-16','RR-MM-DD'),null,null,null,null,'1',null,'73398917',null,null,null,null,null,'RSIC000001','RKOR000001',to_date('18-11-17','RR-MM-DD'),'0');
INSERT INTO customer_contract (id,created_at,created_user_id,updated_at,updated_user_id,version,mom_kjb_system_id,mom_cust_id,company_id,office_id,department_div,customer_name,company_name,company_name_kana,office_name,department_name,post_number,address,phone_number,fax_number,company_representative_name,company_representative_name_kana,pic_name,pic_name_kana,pic_dept_name,pic_phone_number,pic_fax_number,pic_mail_address,contract_id,netricoh_account,setup_corp_nm,setup_post_cd,setup_addr,setup_tel) VALUES (1,'2018/11/26 12:09:10','COTOSforRSI','2018/11/26 12:09:10','COTOSforRSI',1,'000000012647659','000000007511725','000000004890609','000000001269962','2','契約者 for RSI1','企業forRSI1',null,'事業所forRSI1',null,'107-00001','東京都港区赤坂forRSI1','03-3568-xx01',null,null,null,null,null,null,'111-222-3333',null,'aaa@example.com',1,'nr00000001',null,null,null,null);
Insert into PRODUCT_CONTRACT (ID,CREATED_AT,CREATED_USER_ID,UPDATED_AT,UPDATED_USER_ID,VERSION,PRODUCT_MASTER_ID,PRODUCT_CONTRACT_NAME,REP_ITEM_MASTER_ID,SERVICE_IDENT_NUMBER,CONTRACT_ID,EXTENDS_PARAMETER_ITERANCE) values (147,to_timestamp('18-12-28 10:51:35.469000000','RR-MM-DD HH24:MI:SSXFF'),'COTOS_BATCH_USER',null,null,0,300,'SIM',null,'CS2018122800147',147,'{"extendsParameterList":[{"id":1,"contractType":"新規","productCode":"SI0001","productName":"データSIM Type-C 2GB","lineNumber":"","serialNumber":"","device":"dummy_device_147","invoiceNumber":""}]}');
Insert into PRODUCT_CONTRACT (ID,CREATED_AT,CREATED_USER_ID,UPDATED_AT,UPDATED_USER_ID,VERSION,PRODUCT_MASTER_ID,PRODUCT_CONTRACT_NAME,REP_ITEM_MASTER_ID,SERVICE_IDENT_NUMBER,CONTRACT_ID,EXTENDS_PARAMETER_ITERANCE) values (148,to_timestamp('18-12-28 10:51:35.469000000','RR-MM-DD HH24:MI:SSXFF'),'COTOS_BATCH_USER',null,null,0,300,'SIM',null,'CS2018122800148',148,'{"extendsParameterList":[{"id":1,"contractType":"新規","productCode":"SI0001","productName":"データSIM Type-C 2GB","lineNumber":"","serialNumber":"","device":"dummy_device_148","invoiceNumber":""}]}');
Insert into PRODUCT_CONTRACT (ID,CREATED_AT,CREATED_USER_ID,UPDATED_AT,UPDATED_USER_ID,VERSION,PRODUCT_MASTER_ID,PRODUCT_CONTRACT_NAME,REP_ITEM_MASTER_ID,SERVICE_IDENT_NUMBER,CONTRACT_ID,EXTENDS_PARAMETER_ITERANCE) values (149,to_timestamp('18-12-28 10:51:35.469000000','RR-MM-DD HH24:MI:SSXFF'),'COTOS_BATCH_USER',null,null,0,300,'SIM',null,'CS2018122800149',149,'{"extendsParameterList":[{"id":1,"contractType":"新規","productCode":"SI0001","productName":"データSIM Type-C 2GB","lineNumber":"","serialNumber":"","device":"dummy_device_149","invoiceNumber":""}]}');
Insert into PRODUCT_CONTRACT (ID,CREATED_AT,CREATED_USER_ID,UPDATED_AT,UPDATED_USER_ID,VERSION,PRODUCT_MASTER_ID,PRODUCT_CONTRACT_NAME,REP_ITEM_MASTER_ID,SERVICE_IDENT_NUMBER,CONTRACT_ID,EXTENDS_PARAMETER_ITERANCE) values (150,to_timestamp('18-12-28 10:51:35.469000000','RR-MM-DD HH24:MI:SSXFF'),'COTOS_BATCH_USER',null,null,0,200,'CSP',null,'CS2018122800140',150,'');
INSERT INTO contract_detail (id,created_at,created_user_id,updated_at,updated_user_id,version,contract_id,state,quantity,amount_summary,detail_abstract,extends_parameter,unit_price) VALUES (1,'2018/11/26 12:09:10','COTOSforRSI','2018/11/26 12:09:10','COTOSforRSI',1,1,'1',1,5000,null,null,5000);
INSERT INTO contract_detail (id,created_at,created_user_id,updated_at,updated_user_id,version,contract_id,state,quantity,amount_summary,detail_abstract,extends_parameter,unit_price) VALUES (2,'2018/11/26 12:09:10','COTOSforRSI','2018/11/26 12:09:10','COTOSforRSI',1,1,'1',1,1500,null,null,1500);
Insert into CONTRACT_DETAIL (ID,CREATED_AT,CREATED_USER_ID,UPDATED_AT,UPDATED_USER_ID,VERSION,CONTRACT_ID,STATE,QUANTITY,AMOUNT_SUMMARY,EXTENDS_PARAMETER,DETAIL_ABSTRACT,UNIT_PRICE) values (180,to_timestamp('18-12-28 10:51:35.412000000','RR-MM-DD HH24:MI:SSXFF'),'COTOS_BATCH_USER',null,null,0,147,'2',1,5000,'',null,5000);
Insert into CONTRACT_DETAIL (ID,CREATED_AT,CREATED_USER_ID,UPDATED_AT,UPDATED_USER_ID,VERSION,CONTRACT_ID,STATE,QUANTITY,AMOUNT_SUMMARY,EXTENDS_PARAMETER,DETAIL_ABSTRACT,UNIT_PRICE) values (181,to_timestamp('18-12-28 10:51:35.418000000','RR-MM-DD HH24:MI:SSXFF'),'COTOS_BATCH_USER',null,null,0,147,'2',1,1500,'{"orderCsvCreationStatus":"0","orderCsvCreationDate":""}',null,1500);
Insert into CONTRACT_DETAIL (ID,CREATED_AT,CREATED_USER_ID,UPDATED_AT,UPDATED_USER_ID,VERSION,CONTRACT_ID,STATE,QUANTITY,AMOUNT_SUMMARY,EXTENDS_PARAMETER,DETAIL_ABSTRACT,UNIT_PRICE) values (182,to_timestamp('18-12-28 10:51:35.412000000','RR-MM-DD HH24:MI:SSXFF'),'COTOS_BATCH_USER',null,null,0,148,'2',1,5000,'',null,5000);
Insert into CONTRACT_DETAIL (ID,CREATED_AT,CREATED_USER_ID,UPDATED_AT,UPDATED_USER_ID,VERSION,CONTRACT_ID,STATE,QUANTITY,AMOUNT_SUMMARY,EXTENDS_PARAMETER,DETAIL_ABSTRACT,UNIT_PRICE) values (183,to_timestamp('18-12-28 10:51:35.418000000','RR-MM-DD HH24:MI:SSXFF'),'COTOS_BATCH_USER',null,null,0,148,'2',1,1500,'{"orderCsvCreationStatus":"0","orderCsvCreationDate":""}',null,1500);
Insert into CONTRACT_DETAIL (ID,CREATED_AT,CREATED_USER_ID,UPDATED_AT,UPDATED_USER_ID,VERSION,CONTRACT_ID,STATE,QUANTITY,AMOUNT_SUMMARY,EXTENDS_PARAMETER,DETAIL_ABSTRACT,UNIT_PRICE) values (184,to_timestamp('18-12-28 10:51:35.412000000','RR-MM-DD HH24:MI:SSXFF'),'COTOS_BATCH_USER',null,null,0,149,'2',1,5000,'',null,5000);
Insert into CONTRACT_DETAIL (ID,CREATED_AT,CREATED_USER_ID,UPDATED_AT,UPDATED_USER_ID,VERSION,CONTRACT_ID,STATE,QUANTITY,AMOUNT_SUMMARY,EXTENDS_PARAMETER,DETAIL_ABSTRACT,UNIT_PRICE) values (185,to_timestamp('18-12-28 10:51:35.418000000','RR-MM-DD HH24:MI:SSXFF'),'COTOS_BATCH_USER',null,null,0,149,'2',1,1500,'{"orderCsvCreationStatus":"0","orderCsvCreationDate":""}',null,1500);
Insert into CONTRACT_DETAIL (ID,CREATED_AT,CREATED_USER_ID,UPDATED_AT,UPDATED_USER_ID,VERSION,CONTRACT_ID,STATE,QUANTITY,AMOUNT_SUMMARY,EXTENDS_PARAMETER,DETAIL_ABSTRACT,UNIT_PRICE) values (186,to_timestamp('18-12-28 10:51:35.412000000','RR-MM-DD HH24:MI:SSXFF'),'COTOS_BATCH_USER',null,null,0,150,'2',1,5000,null,null,5000);
Insert into CONTRACT_DETAIL (ID,CREATED_AT,CREATED_USER_ID,UPDATED_AT,UPDATED_USER_ID,VERSION,CONTRACT_ID,STATE,QUANTITY,AMOUNT_SUMMARY,EXTENDS_PARAMETER,DETAIL_ABSTRACT,UNIT_PRICE) values (187,to_timestamp('18-12-28 10:51:35.418000000','RR-MM-DD HH24:MI:SSXFF'),'COTOS_BATCH_USER',null,null,0,150,'2',1,1500,null,null,1500);
INSERT INTO item_contract (id,created_at,created_user_id,updated_at,updated_user_id,version,item_master_id,product_master_id,item_contract_name,ricoh_item_code,item_type,cost_type,partition_price,contract_detail_id,bp_cd,r_cost,rj_purchase_price,rj_dividing_price,mother_store_price,tax_flag,ifs_linkage_flg) VALUES (1,'2018/11/26 12:09:10','COTOSforRSI','2018/11/26 12:09:10','COTOSforRSI',1,1001,100,'RICOH クラウドアプリケーション スタートパック（月額）','311265','2','1',5000,1,null,4500,4275,3847,3462,null,1);
INSERT INTO item_contract (id,created_at,created_user_id,updated_at,updated_user_id,version,item_master_id,product_master_id,item_contract_name,ricoh_item_code,item_type,cost_type,partition_price,contract_detail_id,bp_cd,r_cost,rj_purchase_price,rj_dividing_price,mother_store_price,tax_flag,ifs_linkage_flg) VALUES (2,'2018/11/26 12:09:10','COTOSforRSI','2018/11/26 12:09:10','COTOSforRSI',1,1003,100,'RICOH カンタンストレージ活用 for Box 月額契約','311271','1','2',1500,2,null,1350,1283,1154,1038,null,1);
Insert into ITEM_CONTRACT (ID,CREATED_AT,CREATED_USER_ID,UPDATED_AT,UPDATED_USER_ID,VERSION,ITEM_MASTER_ID,PRODUCT_MASTER_ID,ITEM_CONTRACT_NAME,RICOH_ITEM_CODE,ITEM_TYPE,COST_TYPE,PARTITION_PRICE,CONTRACT_DETAIL_ID,BP_CD,R_COST,RJ_PURCHASE_PRICE,RJ_DIVIDING_PRICE,MOTHER_STORE_PRICE,TAX_FLAG,IFS_LINKAGE_FLG) values (180,to_timestamp('18-12-28 10:51:35.415000000','RR-MM-DD HH24:MI:SSXFF'),'COTOS_BATCH_USER',null,null,0,3001,300,'リコーモバイル通信サービス　データＳＩＭ（Ｓ）新規契約手数料','SI0000','2','1',5000,180,null,4500,4275,3847,3462,null,1);
Insert into ITEM_CONTRACT (ID,CREATED_AT,CREATED_USER_ID,UPDATED_AT,UPDATED_USER_ID,VERSION,ITEM_MASTER_ID,PRODUCT_MASTER_ID,ITEM_CONTRACT_NAME,RICOH_ITEM_CODE,ITEM_TYPE,COST_TYPE,PARTITION_PRICE,CONTRACT_DETAIL_ID,BP_CD,R_COST,RJ_PURCHASE_PRICE,RJ_DIVIDING_PRICE,MOTHER_STORE_PRICE,TAX_FLAG,IFS_LINKAGE_FLG) values (181,to_timestamp('18-12-28 10:51:35.419000000','RR-MM-DD HH24:MI:SSXFF'),'COTOS_BATCH_USER',null,null,0,3002,300,'リコーモバイル通信サービス　データＳＩＭ（Ｓ）２ＧＢ　月額利用料','SI0001','1','2',1500,181,null,1350,1283,1154,1038,null,1);
Insert into ITEM_CONTRACT (ID,CREATED_AT,CREATED_USER_ID,UPDATED_AT,UPDATED_USER_ID,VERSION,ITEM_MASTER_ID,PRODUCT_MASTER_ID,ITEM_CONTRACT_NAME,RICOH_ITEM_CODE,ITEM_TYPE,COST_TYPE,PARTITION_PRICE,CONTRACT_DETAIL_ID,BP_CD,R_COST,RJ_PURCHASE_PRICE,RJ_DIVIDING_PRICE,MOTHER_STORE_PRICE,TAX_FLAG,IFS_LINKAGE_FLG) values (182,to_timestamp('18-12-28 10:51:35.415000000','RR-MM-DD HH24:MI:SSXFF'),'COTOS_BATCH_USER',null,null,0,3001,300,'リコーモバイル通信サービス　データＳＩＭ（Ｓ）新規契約手数料','SI0000','2','1',5000,182,null,4500,4275,3847,3462,null,1);
Insert into ITEM_CONTRACT (ID,CREATED_AT,CREATED_USER_ID,UPDATED_AT,UPDATED_USER_ID,VERSION,ITEM_MASTER_ID,PRODUCT_MASTER_ID,ITEM_CONTRACT_NAME,RICOH_ITEM_CODE,ITEM_TYPE,COST_TYPE,PARTITION_PRICE,CONTRACT_DETAIL_ID,BP_CD,R_COST,RJ_PURCHASE_PRICE,RJ_DIVIDING_PRICE,MOTHER_STORE_PRICE,TAX_FLAG,IFS_LINKAGE_FLG) values (183,to_timestamp('18-12-28 10:51:35.419000000','RR-MM-DD HH24:MI:SSXFF'),'COTOS_BATCH_USER',null,null,0,3002,300,'リコーモバイル通信サービス　データＳＩＭ（Ｓ）２ＧＢ　月額利用料','SI0001','1','2',1500,183,null,1350,1283,1154,1038,null,1);
Insert into ITEM_CONTRACT (ID,CREATED_AT,CREATED_USER_ID,UPDATED_AT,UPDATED_USER_ID,VERSION,ITEM_MASTER_ID,PRODUCT_MASTER_ID,ITEM_CONTRACT_NAME,RICOH_ITEM_CODE,ITEM_TYPE,COST_TYPE,PARTITION_PRICE,CONTRACT_DETAIL_ID,BP_CD,R_COST,RJ_PURCHASE_PRICE,RJ_DIVIDING_PRICE,MOTHER_STORE_PRICE,TAX_FLAG,IFS_LINKAGE_FLG) values (184,to_timestamp('18-12-28 10:51:35.415000000','RR-MM-DD HH24:MI:SSXFF'),'COTOS_BATCH_USER',null,null,0,3001,300,'リコーモバイル通信サービス　データＳＩＭ（Ｓ）新規契約手数料','SI0000','2','1',5000,184,null,4500,4275,3847,3462,null,1);
Insert into ITEM_CONTRACT (ID,CREATED_AT,CREATED_USER_ID,UPDATED_AT,UPDATED_USER_ID,VERSION,ITEM_MASTER_ID,PRODUCT_MASTER_ID,ITEM_CONTRACT_NAME,RICOH_ITEM_CODE,ITEM_TYPE,COST_TYPE,PARTITION_PRICE,CONTRACT_DETAIL_ID,BP_CD,R_COST,RJ_PURCHASE_PRICE,RJ_DIVIDING_PRICE,MOTHER_STORE_PRICE,TAX_FLAG,IFS_LINKAGE_FLG) values (185,to_timestamp('18-12-28 10:51:35.419000000','RR-MM-DD HH24:MI:SSXFF'),'COTOS_BATCH_USER',null,null,0,3002,300,'リコーモバイル通信サービス　データＳＩＭ（Ｓ）２ＧＢ　月額利用料','SI0001','1','2',1500,185,null,1350,1283,1154,1038,null,1);
Insert into ITEM_CONTRACT (ID,CREATED_AT,CREATED_USER_ID,UPDATED_AT,UPDATED_USER_ID,VERSION,ITEM_MASTER_ID,PRODUCT_MASTER_ID,ITEM_CONTRACT_NAME,RICOH_ITEM_CODE,ITEM_TYPE,COST_TYPE,PARTITION_PRICE,CONTRACT_DETAIL_ID,BP_CD,R_COST,RJ_PURCHASE_PRICE,RJ_DIVIDING_PRICE,MOTHER_STORE_PRICE,TAX_FLAG,IFS_LINKAGE_FLG) values (186,to_timestamp('18-12-28 10:51:35.415000000','RR-MM-DD HH24:MI:SSXFF'),'COTOS_BATCH_USER',null,null,0,1,200,'RICOH クラウドアプリケーション スタートパック（月額）','311265','2','1',5000,186,null,4500,4275,3847,3462,null,1);
Insert into ITEM_CONTRACT (ID,CREATED_AT,CREATED_USER_ID,UPDATED_AT,UPDATED_USER_ID,VERSION,ITEM_MASTER_ID,PRODUCT_MASTER_ID,ITEM_CONTRACT_NAME,RICOH_ITEM_CODE,ITEM_TYPE,COST_TYPE,PARTITION_PRICE,CONTRACT_DETAIL_ID,BP_CD,R_COST,RJ_PURCHASE_PRICE,RJ_DIVIDING_PRICE,MOTHER_STORE_PRICE,TAX_FLAG,IFS_LINKAGE_FLG) values (187,to_timestamp('18-12-28 10:51:35.419000000','RR-MM-DD HH24:MI:SSXFF'),'COTOS_BATCH_USER',null,null,0,3,200,'RICOH カンタンストレージ活用 for Box 月額契約','311266','1','2',1500,187,null,1350,1283,1154,1038,null,1);
Insert into CUSTOMER_CONTRACT (ID,CREATED_AT,CREATED_USER_ID,UPDATED_AT,UPDATED_USER_ID,VERSION,MOM_KJB_SYSTEM_ID,MOM_CUST_ID,COMPANY_ID,OFFICE_ID,DEPARTMENT_DIV,CUSTOMER_NAME,COMPANY_NAME,COMPANY_NAME_KANA,OFFICE_NAME,DEPARTMENT_NAME,POST_NUMBER,ADDRESS,PHONE_NUMBER,FAX_NUMBER,COMPANY_REPRESENTATIVE_NAME,COMPANY_REPRESENTATIVE_NAME_KANA,PIC_NAME,PIC_NAME_KANA,PIC_DEPT_NAME,PIC_PHONE_NUMBER,PIC_FAX_NUMBER,PIC_MAIL_ADDRESS,CONTRACT_ID,NETRICOH_ACCOUNT,SETUP_CORP_NM,SETUP_POST_CD,SETUP_ADDR,SETUP_TEL) values (147,to_timestamp('18-12-28 10:51:35.405000000','RR-MM-DD HH24:MI:SSXFF'),'COTOS_BATCH_USER',null,null,0,'000000012647659','000000007511725','000000004890609','000000001269962','2','契約者forSIM1','企業forSIM1',null,'事業所forSIM1',null,'107-00001','東京都港区赤坂forSIM1',null,null,null,null,'担当者 テスト8',null,null,'03-3568-xx01',null,'Mail_forSIM',147,'nr00000001',null,null,null,null);
Insert into CUSTOMER_CONTRACT (ID,CREATED_AT,CREATED_USER_ID,UPDATED_AT,UPDATED_USER_ID,VERSION,MOM_KJB_SYSTEM_ID,MOM_CUST_ID,COMPANY_ID,OFFICE_ID,DEPARTMENT_DIV,CUSTOMER_NAME,COMPANY_NAME,COMPANY_NAME_KANA,OFFICE_NAME,DEPARTMENT_NAME,POST_NUMBER,ADDRESS,PHONE_NUMBER,FAX_NUMBER,COMPANY_REPRESENTATIVE_NAME,COMPANY_REPRESENTATIVE_NAME_KANA,PIC_NAME,PIC_NAME_KANA,PIC_DEPT_NAME,PIC_PHONE_NUMBER,PIC_FAX_NUMBER,PIC_MAIL_ADDRESS,CONTRACT_ID,NETRICOH_ACCOUNT,SETUP_CORP_NM,SETUP_POST_CD,SETUP_ADDR,SETUP_TEL) values (148,to_timestamp('18-12-28 10:51:35.405000000','RR-MM-DD HH24:MI:SSXFF'),'COTOS_BATCH_USER',null,null,0,'000000012647659','000000007511725','000000004890609','000000001269962','2','契約者forSIM1','企業forSIM1',null,'事業所forSIM1',null,'107-00001','東京都港区赤坂forSIM1',null,null,null,null,'担当者 テスト9',null,null,'03-3568-xx01',null,'Mail_forSIM',148,'nr00000001',null,null,null,null);
Insert into CUSTOMER_CONTRACT (ID,CREATED_AT,CREATED_USER_ID,UPDATED_AT,UPDATED_USER_ID,VERSION,MOM_KJB_SYSTEM_ID,MOM_CUST_ID,COMPANY_ID,OFFICE_ID,DEPARTMENT_DIV,CUSTOMER_NAME,COMPANY_NAME,COMPANY_NAME_KANA,OFFICE_NAME,DEPARTMENT_NAME,POST_NUMBER,ADDRESS,PHONE_NUMBER,FAX_NUMBER,COMPANY_REPRESENTATIVE_NAME,COMPANY_REPRESENTATIVE_NAME_KANA,PIC_NAME,PIC_NAME_KANA,PIC_DEPT_NAME,PIC_PHONE_NUMBER,PIC_FAX_NUMBER,PIC_MAIL_ADDRESS,CONTRACT_ID,NETRICOH_ACCOUNT,SETUP_CORP_NM,SETUP_POST_CD,SETUP_ADDR,SETUP_TEL) values (149,to_timestamp('18-12-28 10:51:35.405000000','RR-MM-DD HH24:MI:SSXFF'),'COTOS_BATCH_USER',null,null,0,'000000012647659','000000007511725','000000004890609','000000001269962','2','契約者forSIM1','企業forSIM1',null,'事業所forSIM1',null,'107-00001','東京都港区赤坂forSIM1',null,null,null,null,'担当者 テスト10',null,null,'03-3568-xx01',null,'Mail_forSIM',149,'nr00000001',null,null,null,null);
Insert into CUSTOMER_CONTRACT (ID,CREATED_AT,CREATED_USER_ID,UPDATED_AT,UPDATED_USER_ID,VERSION,MOM_KJB_SYSTEM_ID,MOM_CUST_ID,COMPANY_ID,OFFICE_ID,DEPARTMENT_DIV,CUSTOMER_NAME,COMPANY_NAME,COMPANY_NAME_KANA,OFFICE_NAME,DEPARTMENT_NAME,POST_NUMBER,ADDRESS,PHONE_NUMBER,FAX_NUMBER,COMPANY_REPRESENTATIVE_NAME,COMPANY_REPRESENTATIVE_NAME_KANA,PIC_NAME,PIC_NAME_KANA,PIC_DEPT_NAME,PIC_PHONE_NUMBER,PIC_FAX_NUMBER,PIC_MAIL_ADDRESS,CONTRACT_ID,NETRICOH_ACCOUNT,SETUP_CORP_NM,SETUP_POST_CD,SETUP_ADDR,SETUP_TEL) values (150,to_timestamp('18-12-28 10:51:35.405000000','RR-MM-DD HH24:MI:SSXFF'),'COTOS_BATCH_USER',null,null,0,'000000012647659','000000007511725','000000004890609','000000001269962','2','契約者forCSP1','企業forCSP1',null,'事業所forCSP1',null,'107-00001','東京都港区赤坂forCSP1',null,null,null,null,'担当者 テスト11',null,null,'03-3568-xx01',null,'Mail_forCSP1',150,'nr00000001',null,null,null,null);

Insert into CONTRACT (ID,CREATED_AT,CREATED_USER_ID,UPDATED_AT,UPDATED_USER_ID,VERSION,CONTRACT_TYPE,PRODUCT_GRP_MASTER_ID,LIFECYCLE_STATUS,WORKFLOW_STATUS,IMMUTABLE_CONT_IDENT_NUMBER,CASE_NUMBER,CASE_TITLE,CONTRACT_NUMBER,CONTRACT_BRANCH_NUMBER,CONTRACT_TITLE,ORIGIN_CONTRACT_NUMBER,ORIGIN_CONTRACT_BRANCH_NUMBER,ORIGIN_CONTRACT_ID,CHANGE_PREFERRED_DATE,CONTRACT_DATE,ACCOUNT_SALES_FLG,BILLING_DATE,SERVICE_TERM_START,SERVICE_TERM_END,CANCEL_SCHEDULED_DATE,ESTIMATION_NUMBER,ESTIMATION_BRANCH_NUMBER,ESTIMATION_ID,ESTIMATION_TITLE,COMMERCIAL_FLOW_DIV,ISSUE_FORMAT,BILLING_CUSTOMER_SP_CODE,BILLING_CUSTOMER_SP_NAME,PAYMENT_TERMS,PAYMENT_METHOD,CANCEL_REASON,CANCEL_REASON_ETC,WEB_ORDER_NUMBER,RJ_MANAGE_NUMBER,BILLING_START_DATE,IFS_LINKAGE_CSV_CREATE_STATUS) values (240,to_timestamp('18-12-28 10:51:35.402000000','RR-MM-DD HH24:MI:SSXFF'),'COTOS_BATCH_USER',to_timestamp('18-12-28 10:51:35.672000000','RR-MM-DD HH24:MI:SSXFF'),'COTOS_BATCH_USER',0,'1',100,'6','7','CIC201812280240',null,null,'CC2018122800240',1,'RICOH Smart Integretion',null,null,null,null,to_date('18-11-16','RR-MM-DD'),1,null,to_date('18-11-16','RR-MM-DD'),to_date('19-11-16', 'RR-MM-DD'),to_date('20-11-16','RR-MM-DD'),null,null,null,null,'1',null,'73398917',null,null,null,null,null,'RSIC000001','RKOR000001',to_date('18-11-17','RR-MM-DD'),'0');
Insert into PRODUCT_CONTRACT (ID,CREATED_AT,CREATED_USER_ID,UPDATED_AT,UPDATED_USER_ID,VERSION,PRODUCT_MASTER_ID,PRODUCT_CONTRACT_NAME,REP_ITEM_MASTER_ID,SERVICE_IDENT_NUMBER,CONTRACT_ID,EXTENDS_PARAMETER_ITERANCE) values (240,to_timestamp('18-12-28 10:51:35.469000000','RR-MM-DD HH24:MI:SSXFF'),'COTOS_BATCH_USER',null,null,0,300,'SIM',null,'CS2018122800240',240,'{"extendsParameterList":[{"id":1,"contractType":"容量交換","productCode":"SI0001","productName":"データSIM Type-C 2GB","lineNumber":"","serialNumber":"","device":"dummy_device_240","invoiceNumber":""}]}');
Insert into CONTRACT_DETAIL (ID,CREATED_AT,CREATED_USER_ID,UPDATED_AT,UPDATED_USER_ID,VERSION,CONTRACT_ID,STATE,QUANTITY,AMOUNT_SUMMARY,EXTENDS_PARAMETER,DETAIL_ABSTRACT,UNIT_PRICE) values (260,to_timestamp('18-12-28 10:51:35.412000000','RR-MM-DD HH24:MI:SSXFF'),'COTOS_BATCH_USER',null,null,0,240,'2',1,5000,'',null,5000);
Insert into CONTRACT_DETAIL (ID,CREATED_AT,CREATED_USER_ID,UPDATED_AT,UPDATED_USER_ID,VERSION,CONTRACT_ID,STATE,QUANTITY,AMOUNT_SUMMARY,EXTENDS_PARAMETER,DETAIL_ABSTRACT,UNIT_PRICE) values (261,to_timestamp('18-12-28 10:51:35.418000000','RR-MM-DD HH24:MI:SSXFF'),'COTOS_BATCH_USER',null,null,0,240,'2',1,1500,'{"orderCsvCreationStatus":"0","orderCsvCreationDate":""}',null,1500);
Insert into ITEM_CONTRACT (ID,CREATED_AT,CREATED_USER_ID,UPDATED_AT,UPDATED_USER_ID,VERSION,ITEM_MASTER_ID,PRODUCT_MASTER_ID,ITEM_CONTRACT_NAME,RICOH_ITEM_CODE,ITEM_TYPE,COST_TYPE,PARTITION_PRICE,CONTRACT_DETAIL_ID,BP_CD,R_COST,RJ_PURCHASE_PRICE,RJ_DIVIDING_PRICE,MOTHER_STORE_PRICE,TAX_FLAG,IFS_LINKAGE_FLG) values (260,to_timestamp('18-12-28 10:51:35.415000000','RR-MM-DD HH24:MI:SSXFF'),'COTOS_BATCH_USER',null,null,0,3001,300,'リコーモバイル通信サービス　データＳＩＭ（Ｓ）新規契約手数料','SI0000','2','1',5000,260,null,4500,4275,3847,3462,null,1);
Insert into ITEM_CONTRACT (ID,CREATED_AT,CREATED_USER_ID,UPDATED_AT,UPDATED_USER_ID,VERSION,ITEM_MASTER_ID,PRODUCT_MASTER_ID,ITEM_CONTRACT_NAME,RICOH_ITEM_CODE,ITEM_TYPE,COST_TYPE,PARTITION_PRICE,CONTRACT_DETAIL_ID,BP_CD,R_COST,RJ_PURCHASE_PRICE,RJ_DIVIDING_PRICE,MOTHER_STORE_PRICE,TAX_FLAG,IFS_LINKAGE_FLG) values (261,to_timestamp('18-12-28 10:51:35.419000000','RR-MM-DD HH24:MI:SSXFF'),'COTOS_BATCH_USER',null,null,0,3002,300,'リコーモバイル通信サービス　データＳＩＭ（Ｓ）２ＧＢ　月額利用料','SI0001','1','2',1500,261,null,1350,1283,1154,1038,null,1);
Insert into CUSTOMER_CONTRACT (ID,CREATED_AT,CREATED_USER_ID,UPDATED_AT,UPDATED_USER_ID,VERSION,MOM_KJB_SYSTEM_ID,MOM_CUST_ID,COMPANY_ID,OFFICE_ID,DEPARTMENT_DIV,CUSTOMER_NAME,COMPANY_NAME,COMPANY_NAME_KANA,OFFICE_NAME,DEPARTMENT_NAME,POST_NUMBER,ADDRESS,PHONE_NUMBER,FAX_NUMBER,COMPANY_REPRESENTATIVE_NAME,COMPANY_REPRESENTATIVE_NAME_KANA,PIC_NAME,PIC_NAME_KANA,PIC_DEPT_NAME,PIC_PHONE_NUMBER,PIC_FAX_NUMBER,PIC_MAIL_ADDRESS,CONTRACT_ID,NETRICOH_ACCOUNT,SETUP_CORP_NM,SETUP_POST_CD,SETUP_ADDR,SETUP_TEL) values (240,to_timestamp('18-12-28 10:51:35.405000000','RR-MM-DD HH24:MI:SSXFF'),'COTOS_BATCH_USER',null,null,0,'000000012647659','000000007511725','000000004890609','000000001269962','2','契約者forSIM1','企業forSIM1',null,'事業所forSIM1',null,'107-00001','東京都港区赤坂forSIM1',null,null,null,null,'担当者 テスト1',null,null,'03-3568-xx01',null,'Mail_forSIM',240,'nr00000001',null,null,null,null);

Insert into CONTRACT (ID,CREATED_AT,CREATED_USER_ID,UPDATED_AT,UPDATED_USER_ID,VERSION,CONTRACT_TYPE,PRODUCT_GRP_MASTER_ID,LIFECYCLE_STATUS,WORKFLOW_STATUS,IMMUTABLE_CONT_IDENT_NUMBER,CASE_NUMBER,CASE_TITLE,CONTRACT_NUMBER,CONTRACT_BRANCH_NUMBER,CONTRACT_TITLE,ORIGIN_CONTRACT_NUMBER,ORIGIN_CONTRACT_BRANCH_NUMBER,ORIGIN_CONTRACT_ID,CHANGE_PREFERRED_DATE,CONTRACT_DATE,ACCOUNT_SALES_FLG,BILLING_DATE,SERVICE_TERM_START,SERVICE_TERM_END,CANCEL_SCHEDULED_DATE,ESTIMATION_NUMBER,ESTIMATION_BRANCH_NUMBER,ESTIMATION_ID,ESTIMATION_TITLE,COMMERCIAL_FLOW_DIV,ISSUE_FORMAT,BILLING_CUSTOMER_SP_CODE,BILLING_CUSTOMER_SP_NAME,PAYMENT_TERMS,PAYMENT_METHOD,CANCEL_REASON,CANCEL_REASON_ETC,WEB_ORDER_NUMBER,RJ_MANAGE_NUMBER,BILLING_START_DATE,IFS_LINKAGE_CSV_CREATE_STATUS) values (241,to_timestamp('18-12-28 10:51:35.402000000','RR-MM-DD HH24:MI:SSXFF'),'COTOS_BATCH_USER',to_timestamp('18-12-28 10:51:35.672000000','RR-MM-DD HH24:MI:SSXFF'),'COTOS_BATCH_USER',0,'1',100,'6','7','CIC201812280241',null,null,'CC2018122800241',1,'RICOH Smart Integretion',null,null,null,null,to_date('18-11-16','RR-MM-DD'),1,null,to_date('18-11-16','RR-MM-DD'),to_date('19-11-16', 'RR-MM-DD'),to_date('20-11-16','RR-MM-DD'),null,null,null,null,'1',null,'73398917',null,null,null,null,null,'RSIC000001','RKOR000001',to_date('18-11-17','RR-MM-DD'),'0');
Insert into PRODUCT_CONTRACT (ID,CREATED_AT,CREATED_USER_ID,UPDATED_AT,UPDATED_USER_ID,VERSION,PRODUCT_MASTER_ID,PRODUCT_CONTRACT_NAME,REP_ITEM_MASTER_ID,SERVICE_IDENT_NUMBER,CONTRACT_ID,EXTENDS_PARAMETER_ITERANCE) values (241,to_timestamp('18-12-28 10:51:35.469000000','RR-MM-DD HH24:MI:SSXFF'),'COTOS_BATCH_USER',null,null,0,300,'SIM',null,'CS2018122800241',241,'{"extendsParameterList":[{"id":1,"contractType":"有償交換","productCode":"SI0001","productName":"データSIM Type-C 2GB","lineNumber":"","serialNumber":"","device":"dummy_device_241","invoiceNumber":""}]}');
Insert into CONTRACT_DETAIL (ID,CREATED_AT,CREATED_USER_ID,UPDATED_AT,UPDATED_USER_ID,VERSION,CONTRACT_ID,STATE,QUANTITY,AMOUNT_SUMMARY,EXTENDS_PARAMETER,DETAIL_ABSTRACT,UNIT_PRICE) values (360,to_timestamp('18-12-28 10:51:35.412000000','RR-MM-DD HH24:MI:SSXFF'),'COTOS_BATCH_USER',null,null,0,241,'2',1,5000,'',null,5000);
Insert into CONTRACT_DETAIL (ID,CREATED_AT,CREATED_USER_ID,UPDATED_AT,UPDATED_USER_ID,VERSION,CONTRACT_ID,STATE,QUANTITY,AMOUNT_SUMMARY,EXTENDS_PARAMETER,DETAIL_ABSTRACT,UNIT_PRICE) values (361,to_timestamp('18-12-28 10:51:35.418000000','RR-MM-DD HH24:MI:SSXFF'),'COTOS_BATCH_USER',null,null,0,241,'2',1,1500,'{"orderCsvCreationStatus":"0","orderCsvCreationDate":""}',null,1500);
Insert into ITEM_CONTRACT (ID,CREATED_AT,CREATED_USER_ID,UPDATED_AT,UPDATED_USER_ID,VERSION,ITEM_MASTER_ID,PRODUCT_MASTER_ID,ITEM_CONTRACT_NAME,RICOH_ITEM_CODE,ITEM_TYPE,COST_TYPE,PARTITION_PRICE,CONTRACT_DETAIL_ID,BP_CD,R_COST,RJ_PURCHASE_PRICE,RJ_DIVIDING_PRICE,MOTHER_STORE_PRICE,TAX_FLAG,IFS_LINKAGE_FLG) values (360,to_timestamp('18-12-28 10:51:35.415000000','RR-MM-DD HH24:MI:SSXFF'),'COTOS_BATCH_USER',null,null,0,3001,300,'リコーモバイル通信サービス　データＳＩＭ（Ｓ）新規契約手数料','SI0000','2','1',5000,360,null,4500,4275,3847,3462,null,1);
Insert into ITEM_CONTRACT (ID,CREATED_AT,CREATED_USER_ID,UPDATED_AT,UPDATED_USER_ID,VERSION,ITEM_MASTER_ID,PRODUCT_MASTER_ID,ITEM_CONTRACT_NAME,RICOH_ITEM_CODE,ITEM_TYPE,COST_TYPE,PARTITION_PRICE,CONTRACT_DETAIL_ID,BP_CD,R_COST,RJ_PURCHASE_PRICE,RJ_DIVIDING_PRICE,MOTHER_STORE_PRICE,TAX_FLAG,IFS_LINKAGE_FLG) values (361,to_timestamp('18-12-28 10:51:35.419000000','RR-MM-DD HH24:MI:SSXFF'),'COTOS_BATCH_USER',null,null,0,3002,300,'リコーモバイル通信サービス　データＳＩＭ（Ｓ）２ＧＢ　月額利用料','SI0001','1','2',1500,161,null,1350,1283,1154,1038,null,1);
Insert into CUSTOMER_CONTRACT (ID,CREATED_AT,CREATED_USER_ID,UPDATED_AT,UPDATED_USER_ID,VERSION,MOM_KJB_SYSTEM_ID,MOM_CUST_ID,COMPANY_ID,OFFICE_ID,DEPARTMENT_DIV,CUSTOMER_NAME,COMPANY_NAME,COMPANY_NAME_KANA,OFFICE_NAME,DEPARTMENT_NAME,POST_NUMBER,ADDRESS,PHONE_NUMBER,FAX_NUMBER,COMPANY_REPRESENTATIVE_NAME,COMPANY_REPRESENTATIVE_NAME_KANA,PIC_NAME,PIC_NAME_KANA,PIC_DEPT_NAME,PIC_PHONE_NUMBER,PIC_FAX_NUMBER,PIC_MAIL_ADDRESS,CONTRACT_ID,NETRICOH_ACCOUNT,SETUP_CORP_NM,SETUP_POST_CD,SETUP_ADDR,SETUP_TEL) values (241,to_timestamp('18-12-28 10:51:35.405000000','RR-MM-DD HH24:MI:SSXFF'),'COTOS_BATCH_USER',null,null,0,'000000012647659','000000007511725','000000004890609','000000001269962','2','契約者forSIM1','企業forSIM1',null,'事業所forSIM1',null,'107-00001','東京都港区赤坂forSIM1',null,null,null,null,'担当者 テスト1',null,null,'03-3568-xx01',null,'Mail_forSIM',241,'nr00000001',null,null,null,null);