INSERT INTO contract (id,created_at,created_user_id,updated_at,updated_user_id,version,contract_type,product_grp_master_id,lifecycle_status,workflow_status,immutable_cont_ident_number,case_number,case_title,contract_number,contract_branch_number,contract_title,origin_contract_number,origin_contract_branch_number,origin_contract_id,change_preferred_date,contract_date,account_sales_flg,billing_date,service_term_start,service_term_end,cancel_scheduled_date,estimation_number,estimation_branch_number,estimation_id,estimation_title,commercial_flow_div,issue_format,BILLING_CUSTOMER_SP_CODE,BILLING_CUSTOMER_SP_NAME,payment_terms,payment_method,extends_parameter, conclusion_preferred_date,app_id) VALUES (10,'2018/09/19 12:09:10','COTOS','2018/09/19 12:09:10','COTOS',1,'1',3,'2','3','CIC202001070001','[テストパターン4]見積→契約→手配→解約手配まで','[テストパターン4]見積→契約→手配→解約手配まで','CIC202001070001',1,'新規契約 締結希望日過去',null,null,null,'2018/10/1','2018/9/19',0,'2018/11/1','2018/10/1','2020/10/1','2020/10/1','CE2018091900501',1,4,'[テストパターン4]見積→契約→手配→解約手配まで','1','1','401','[テストパターン4]','[テストパターン4]','[テストパターン4]','dummy_extends_parameter_4', '2017/12/31','cotos_dev');
INSERT INTO contract_pic_sa_emp (id,created_at,created_user_id,updated_at,updated_user_id,version,mom_employee_id,mom_org_id,org_hierarchy_level,org_name,sales_company_name,org_phone_number,employee_name,sales_department_name,post_number,address,phone_number,fax_number,mail_address,contract_id) VALUES (1001,'2018/09/19 12:09:10','COTOS','2018/09/19 12:09:10','COTOS',1,'00465984','dummy_mom_org_id_401',1,'dummy_org_name_401','dummy_sales_company_name_401','dummy_org_phone_number_401','dummy_employee_name_401','dummy_sales_department_name_401','dummy_post_number_401','dummy_address_401','dummy_phone_number_401','dummy_fax_number_401','test2@softcomm.co.jp',10);
INSERT INTO contract_detail (id,created_at,created_user_id,updated_at,updated_user_id,version,contract_id,state,quantity,amount_summary,detail_abstract,extends_parameter,unit_price) VALUES (1001,'2018/09/19 12:09:10','COTOS','2018/09/19 12:09:10','COTOS',1,10,'1',1,1020,'dummy_detail_abstract_401','dummy_extends_parameter_401',null);
INSERT INTO contract_detail (id,created_at,created_user_id,updated_at,updated_user_id,version,contract_id,state,quantity,amount_summary,detail_abstract,extends_parameter,unit_price) VALUES (1002,'2018/09/19 12:09:10','COTOS','2018/09/19 12:09:10','COTOS',1,10,'1',1,2340,'dummy_detail_abstract_402','dummy_extends_parameter_402',null);
INSERT INTO contract_detail (id,created_at,created_user_id,updated_at,updated_user_id,version,contract_id,state,quantity,amount_summary,detail_abstract,extends_parameter,unit_price) VALUES (1003,'2018/09/19 12:09:10','COTOS','2018/09/19 12:09:10','COTOS',1,10,'1',2,2340,'dummy_detail_abstract_402','dummy_extends_parameter_402',null);
INSERT INTO customer_contract (id,created_at,created_user_id,updated_at,updated_user_id,version,mom_kjb_system_id,mom_cust_id,company_id,office_id,department_div,customer_name,company_name,company_name_kana,office_name,department_name,post_number,address,phone_number,fax_number,company_representative_name,company_representative_name_kana,pic_name,pic_name_kana,pic_dept_name,pic_phone_number,pic_fax_number,pic_mail_address,contract_id) VALUES (1001,'2018/09/19 12:09:10','COTOS','2018/09/19 12:09:10','COTOS',1,'000000003321099','000000002138176','000000000705467','000000001034118','2','dummy_customer_name_501','dummy_company_name_501','dummy_company_name_kana_501','dummy_office_name_501','dummy_department_name_501','dummy_post_number_501','dummy_address_501','dummy_phone_number_501','dummy_fax_number_501','dummy_company_representative_name_501','dummy_company_representative_name_kana_501','dummy_pic_name_501','dummy_pic_name_kana_501','dummy_pic_dept_name_501','dummy_pic_phone_number_501','dummy_pic_fax_number_501','test4@softcomm.co.jp',10);
INSERT INTO product_contract (id,created_at,created_user_id,updated_at,updated_user_id,version,product_master_id,product_contract_name,rep_item_master_id,service_ident_number,contract_id,extends_parameter,extends_parameter_iterance) VALUES (1001,'2018/09/19 12:09:10','COTOS','2018/09/19 12:09:10','COTOS',1,5,'RICOH SIM(SB)',011,'CS2018091900401',10,'dummy_extends_parameter_401','{"extendsParameterList":[{"id":1,"contractType":"新規","productCode":"SI0001","productName":"データSIM Type-C 2GB","lineNumber":"","serialNumber":"","device":"TESTDATA","invoiceNumber":""},{"id":2,"contractType":"新規","productCode":"SI0002","productName":"データSIM Type-C 5GB","lineNumber":"","serialNumber":"","device":"qqANDROID","invoiceNumber":""},{"id":3,"contractType":"新規","productCode":"SI0000","productName":"データSIM 初期費用","lineNumber":"","serialNumber":"","device":"ssd","invoiceNumber":""},{"id":4,"contractType":"新規","productCode":"SI0002","productName":"データSIM Type-C 5GB","lineNumber":"","serialNumber":"","device":"追加1","invoiceNumber":""}]}');
INSERT INTO item_contract (id,created_at,created_user_id,updated_at,updated_user_id,version,item_master_id,product_master_id,item_contract_name,ricoh_item_code,item_type,cost_type,partition_price,contract_detail_id) VALUES (1001,'2018/09/19 12:09:10','COTOS','2018/09/19 12:09:10','COTOS',1,491,5,'データSIM 初期費用','SI0000','0','1',1020,1001);
INSERT INTO item_contract (id,created_at,created_user_id,updated_at,updated_user_id,version,item_master_id,product_master_id,item_contract_name,ricoh_item_code,item_type,cost_type,partition_price,contract_detail_id) VALUES (1002,'2018/09/19 12:09:10','COTOS','2018/09/19 12:09:10','COTOS',1,489,5,'データSIM Type-S 2GB','SI0001','0','2',1170,1002);
INSERT INTO item_contract (id,created_at,created_user_id,updated_at,updated_user_id,version,item_master_id,product_master_id,item_contract_name,ricoh_item_code,item_type,cost_type,partition_price,contract_detail_id) VALUES (1003,'2018/09/19 12:09:10','COTOS','2018/09/19 12:09:10','COTOS',1,490,5,'データSIM Type-S 5GB','SI0002','0','2',1170,1003);
insert into arrangement (id,version,contract_id,disengagement_flg,workflow_status)
values (10,0,10,0,'1');
insert into arrangement_work (id,version,arrangement_id,arrangement_work_type_master_id,workflow_status,holding_flg,app_id)
values (1,0,10,9001,'2',0,'cotos_dev');
insert into arrangement_pic_worker_emp (id,created_at,created_user_id,updated_at,updated_user_id,version,mom_employee_id,mom_org_id,org_hierarchy_level,org_name,sales_company_name,org_phone_number,employee_name,sales_department_name,post_number,address,phone_number,fax_number,mail_address,arrangement_work_id)
values (1,'2018/09/19 12:09:10','COTOS','2018/09/19 12:09:10','COTOS',1,'00397971','0912886',1,'[テストパターン_401]','dummy_sales_company_name_401','xx-xxxx-xxxx','dummy_employee_name_401','dummy_sales_department_name_401','xxx-xxxx','dummy_address_401','xx-xxxx-xxxx','aa-aaaa-aaaa','dummy_mail_address_401',1);
INSERT INTO contract (id,created_at,created_user_id,updated_at,updated_user_id,version,contract_type,product_grp_master_id,lifecycle_status,workflow_status,immutable_cont_ident_number,case_number,case_title,contract_number,contract_branch_number,contract_title,origin_contract_number,origin_contract_branch_number,origin_contract_id,change_preferred_date,contract_date,account_sales_flg,billing_date,service_term_start,service_term_end,cancel_scheduled_date,estimation_number,estimation_branch_number,estimation_id,estimation_title,commercial_flow_div,issue_format,BILLING_CUSTOMER_SP_CODE,BILLING_CUSTOMER_SP_NAME,payment_terms,payment_method,extends_parameter, conclusion_preferred_date,app_id) 
VALUES (20,'2018/09/19 12:09:10','COTOS','2018/09/19 12:09:10','COTOS',1,'1',3,'2','3','CIC202001080001','[テストパターン4]見積→契約→手配→解約手配まで','[テストパターン4]見積→契約→手配→解約手配まで','CIC202001080001',1,'新規契約 締結希望日過去',null,null,null,'2018/10/1','2018/9/19',0,'2018/11/1','2018/10/1','2020/10/1','2020/10/1','CE2018091900501',1,4,'[テストパターン4]見積→契約→手配→解約手配まで','1','1','401','[テストパターン4]','[テストパターン4]','[テストパターン4]','dummy_extends_parameter_4', '2017/12/31','cotos_dev');
INSERT INTO contract_pic_sa_emp (id,created_at,created_user_id,updated_at,updated_user_id,version,mom_employee_id,mom_org_id,org_hierarchy_level,org_name,sales_company_name,org_phone_number,employee_name,sales_department_name,post_number,address,phone_number,fax_number,mail_address,contract_id)
VALUES (2001,'2018/09/19 12:09:10','COTOS','2018/09/19 12:09:10','COTOS',1,'00465984','dummy_mom_org_id_401',1,'dummy_org_name_401','dummy_sales_company_name_401','dummy_org_phone_number_401','dummy_employee_name_401','dummy_sales_department_name_401','dummy_post_number_401','dummy_address_401','dummy_phone_number_401','dummy_fax_number_401','test2@softcomm.co.jp',20);
INSERT INTO contract_detail (id,created_at,created_user_id,updated_at,updated_user_id,version,contract_id,state,quantity,amount_summary,detail_abstract,extends_parameter,unit_price) VALUES (2001,'2018/09/19 12:09:10','COTOS','2018/09/19 12:09:10','COTOS',1,20,'1',1,1020,'dummy_detail_abstract_401','dummy_extends_parameter_401',1500);
INSERT INTO contract_detail (id,created_at,created_user_id,updated_at,updated_user_id,version,contract_id,state,quantity,amount_summary,detail_abstract,extends_parameter,unit_price) VALUES (2002,'2018/09/19 12:09:10','COTOS','2018/09/19 12:09:10','COTOS',1,20,'1',1,2340,'dummy_detail_abstract_402','dummy_extends_parameter_402',1500);
INSERT INTO contract_detail (id,created_at,created_user_id,updated_at,updated_user_id,version,contract_id,state,quantity,amount_summary,detail_abstract,extends_parameter,unit_price) VALUES (2003,'2018/09/19 12:09:10','COTOS','2018/09/19 12:09:10','COTOS',1,20,'1',2,2340,'dummy_detail_abstract_402','dummy_extends_parameter_402',1500);
INSERT INTO customer_contract (id,created_at,created_user_id,updated_at,updated_user_id,version,mom_kjb_system_id,mom_cust_id,company_id,office_id,department_div,customer_name,company_name,company_name_kana,office_name,department_name,post_number,address,phone_number,fax_number,company_representative_name,company_representative_name_kana,pic_name,pic_name_kana,pic_dept_name,pic_phone_number,pic_fax_number,pic_mail_address,contract_id) 
VALUES (2001,'2018/09/19 12:09:10','COTOS','2018/09/19 12:09:10','COTOS',1,'000000003321099','000000002138176','000000000705467','000000001034118','2','dummy_customer_name_501','dummy_company_name_501','dummy_company_name_kana_501','dummy_office_name_501','dummy_department_name_501','dummy_post_number_501','dummy_address_501','dummy_phone_number_501','dummy_fax_number_501','dummy_company_representative_name_501','dummy_company_representative_name_kana_501','dummy_pic_name_501','dummy_pic_name_kana_501','dummy_pic_dept_name_501','dummy_pic_phone_number_501','dummy_pic_fax_number_501','test4@softcomm.co.jp',20);
INSERT INTO product_contract (id,created_at,created_user_id,updated_at,updated_user_id,version,product_master_id,product_contract_name,rep_item_master_id,service_ident_number,contract_id,extends_parameter,extends_parameter_iterance) VALUES (2001,'2018/09/19 12:09:10','COTOS','2018/09/19 12:09:10','COTOS',1,5,'RICOH SIM(SB)',011,'CS2018091900401',20,'dummy_extends_parameter_401','{"extendsParameterList":[{"id":1,"contractType":"新規","productCode":"SI0001","productName":"データSIM Type-C 2GB","lineNumber":"","serialNumber":"","device":"TESTDATA","invoiceNumber":""},{"id":2,"contractType":"新規","productCode":"SI0002","productName":"データSIM Type-C 5GB","lineNumber":"","serialNumber":"","device":"qqANDROID","invoiceNumber":""},{"id":3,"contractType":"新規","productCode":"SI0000","productName":"データSIM 初期費用","lineNumber":"","serialNumber":"","device":"ssd","invoiceNumber":""},{"id":4,"contractType":"新規","productCode":"SI0002","productName":"データSIM Type-C 5GB","lineNumber":"","serialNumber":"","device":"追加1","invoiceNumber":""}]}');
INSERT INTO item_contract (id,created_at,created_user_id,updated_at,updated_user_id,version,item_master_id,product_master_id,item_contract_name,ricoh_item_code,item_type,cost_type,partition_price,contract_detail_id) VALUES (2001,'2018/09/19 12:09:10','COTOS','2018/09/19 12:09:10','COTOS',1,491,5,'データSIM 初期費用','SI0000','0','1',1020,2001);
INSERT INTO item_contract (id,created_at,created_user_id,updated_at,updated_user_id,version,item_master_id,product_master_id,item_contract_name,ricoh_item_code,item_type,cost_type,partition_price,contract_detail_id) VALUES (2002,'2018/09/19 12:09:10','COTOS','2018/09/19 12:09:10','COTOS',1,489,5,'データSIM Type-S 2GB','SI0001','0','2',1170,2002);
INSERT INTO item_contract (id,created_at,created_user_id,updated_at,updated_user_id,version,item_master_id,product_master_id,item_contract_name,ricoh_item_code,item_type,cost_type,partition_price,contract_detail_id) VALUES (2003,'2018/09/19 12:09:10','COTOS','2018/09/19 12:09:10','COTOS',1,490,5,'データSIM Type-S 5GB','SI0002','0','2',1170,2003);
insert into arrangement (id,version,contract_id,disengagement_flg,workflow_status)
values (20,0,20,0,'1');
insert into arrangement_work (id,version,arrangement_id,arrangement_work_type_master_id,workflow_status,holding_flg,app_id)
values (2,0,20,9001,'2',0,'cotos_dev');
insert into arrangement_pic_worker_emp (id,created_at,created_user_id,updated_at,updated_user_id,version,mom_employee_id,mom_org_id,org_hierarchy_level,org_name,sales_company_name,org_phone_number,employee_name,sales_department_name,post_number,address,phone_number,fax_number,mail_address,arrangement_work_id)
values (2,'2018/09/19 12:09:10','COTOS','2018/09/19 12:09:10','COTOS',1,'00397971','0912886',1,'[テストパターン_401]','dummy_sales_company_name_401','xx-xxxx-xxxx','dummy_employee_name_401','dummy_sales_department_name_401','xxx-xxxx','dummy_address_401','xx-xxxx-xxxx','aa-aaaa-aaaa','dummy_mail_address_401',2);