/**
 * VSIM全解約
 * 全解約の場合のみ更新対象はIFS_LINKAGE_CSV_CREATE_STATUS,IFS_LINKAGE_CSV_CREATE_DATEではなくIFS_LINKAGE_CANCEL_CSV_STATUS,IFS_LINKAGE_CANCEL_CSV_DATEなので、
 * IFS_LINKAGE_CSV_CREATE_STATUS='0',IFS_LINKAGE_CSV_CREATE_DATE=null を設定し、値の更新がない事を確認する。
 */
Insert into CONTRACT (ID,CREATED_AT,CREATED_USER_ID,UPDATED_AT,UPDATED_USER_ID,VERSION,CONTRACT_TYPE,PRODUCT_GRP_MASTER_ID,LIFECYCLE_STATUS,WORKFLOW_STATUS,IMMUTABLE_CONT_IDENT_NUMBER,CONTRACT_NUMBER,CONTRACT_BRANCH_NUMBER,CONTRACT_DATE,ACCOUNT_SALES_FLG,SERVICE_TERM_START,CANCEL_SCHEDULED_DATE,ESTIMATION_NUMBER,ESTIMATION_BRANCH_NUMBER,ESTIMATION_ID,ESTIMATION_TITLE,COMMERCIAL_FLOW_DIV,BILLING_CUSTOMER_SP_CODE,BILLING_CUSTOMER_SP_NAME,EXTENDS_PARAMETER,RJ_MANAGE_NUMBER,BILLING_START_DATE,CONCLUSION_PREFERRED_DATE,APP_ID,IFS_LINKAGE_CSV_CREATE_STATUS,IFS_LINKAGE_CSV_CREATE_DATE,ISSUE_TAX_CODE_VALUE,CONTACT_NO,SS_WORK_REQUEST_CREATE_STATUS,APPLICATION_DATE,FIXED_DATE,MANUAL_UPDATE_FLG,EIM_LINKED_STATUS,cancel_decision_date) values (401,'2020/08/05 15:30:54.777','COTOS_BATCH_USER','2020/08/05 15:51:10.067','00229692',21,'1',300,'8','3','CIC202008050381','CC2020080500381',1,'2020/08/05',1,'2020/08/31','2020/08/31','CE2020080500502',1,522,'SIM全解約','1','40800105071','リコージャパン株式＊＊','{"cpqTransactionId":"40393123","cpqReConfigUrl":"https://ricohtest2.bigmachines.com/commerce/new_equipment/products/model_configs.jsp?_from_punchin=true&actionVarName=addLineItem_t&id=40393123&product_line=telecommunication&model=ricohSim&segment=communication&bm_sales_root_bom_item_id=abo_84b62abd-4aee-4d31-ad24-55a679c9e2bf&configContextKey=5283774d-312b-4404-af40-e5943b194fc6&reconfigFlg=true&newOrderSuspensionFlg=false"}','T020000061','2020/09/01','2020/08/31','cotos_batch','0',null,'10','22200000001','0','2020/08/05','2020/08/05',0,'0','2020/08/31');
Insert into CONTRACT_DETAIL (ID,CREATED_AT,CREATED_USER_ID,UPDATED_AT,UPDATED_USER_ID,VERSION,CONTRACT_ID,STATE,QUANTITY,AMOUNT_SUMMARY,EXTENDS_PARAMETER,UNIT_PRICE,INITIAL_ACCOUNT_SALES_STATUS,BEFORE_QUANTITY,ORDER_NO,FFM_INSIDE_TRANS_STATUS,ABS_CON_INSIDE_TRANS_STATUS,FFM_ACCEPTANCE_LINKING_STATUS) values (401,'2020/8/5 15:30','COTOS_BATCH_USER','2020/8/5 15:41','COTOS_BATCH_USER',2,401,2,8,24000,'{"orderCsvCreationStatus":"1","orderCsvCreationDate":"20200820"}',3000,2,0,11100001,0,4,0);
Insert into CONTRACT_DETAIL (ID,CREATED_AT,CREATED_USER_ID,UPDATED_AT,UPDATED_USER_ID,VERSION,CONTRACT_ID,STATE,QUANTITY,AMOUNT_SUMMARY,EXTENDS_PARAMETER,UNIT_PRICE,BEFORE_QUANTITY,FFM_INSIDE_TRANS_STATUS,ABS_CON_INSIDE_TRANS_STATUS,FFM_ACCEPTANCE_LINKING_STATUS) values (402,'2020/8/5 15:30','COTOS_BATCH_USER','2020/8/5 15:41','COTOS_BATCH_USER',1,401,2,2,2560,'{"orderCsvCreationStatus":"1","orderCsvCreationDate":"20200820"}',1280,0,0,4,0);
Insert into CONTRACT_DETAIL (ID,CREATED_AT,CREATED_USER_ID,UPDATED_AT,UPDATED_USER_ID,VERSION,CONTRACT_ID,STATE,QUANTITY,AMOUNT_SUMMARY,EXTENDS_PARAMETER,UNIT_PRICE,BEFORE_QUANTITY,FFM_INSIDE_TRANS_STATUS,ABS_CON_INSIDE_TRANS_STATUS,FFM_ACCEPTANCE_LINKING_STATUS) values (403,'2020/8/5 15:30','COTOS_BATCH_USER','2020/8/5 15:41','COTOS_BATCH_USER',1,401,2,2,3360,'{"orderCsvCreationStatus":"1","orderCsvCreationDate":"20200820"}',1680,0,0,4,0);
Insert into CONTRACT_DETAIL (ID,CREATED_AT,CREATED_USER_ID,UPDATED_AT,UPDATED_USER_ID,VERSION,CONTRACT_ID,STATE,QUANTITY,AMOUNT_SUMMARY,EXTENDS_PARAMETER,UNIT_PRICE,BEFORE_QUANTITY,FFM_INSIDE_TRANS_STATUS,ABS_CON_INSIDE_TRANS_STATUS,FFM_ACCEPTANCE_LINKING_STATUS) values (404,'2020/8/5 15:30','COTOS_BATCH_USER','2020/8/5 15:41','COTOS_BATCH_USER',1,401,2,2,4960,'{"orderCsvCreationStatus":"1","orderCsvCreationDate":"20200820"}',2480,0,0,4,0);
Insert into CONTRACT_DETAIL (ID,CREATED_AT,CREATED_USER_ID,UPDATED_AT,UPDATED_USER_ID,VERSION,CONTRACT_ID,STATE,QUANTITY,AMOUNT_SUMMARY,EXTENDS_PARAMETER,UNIT_PRICE,BEFORE_QUANTITY,FFM_INSIDE_TRANS_STATUS,ABS_CON_INSIDE_TRANS_STATUS,FFM_ACCEPTANCE_LINKING_STATUS) values (405,'2020/8/5 15:30','COTOS_BATCH_USER','2020/8/5 15:41','COTOS_BATCH_USER',1,401,2,2,6360,'{"orderCsvCreationStatus":"1","orderCsvCreationDate":"20200820"}',3180,0,0,4,0);
Insert into PRODUCT_CONTRACT (ID,CREATED_AT,CREATED_USER_ID,UPDATED_AT,UPDATED_USER_ID,VERSION,PRODUCT_MASTER_ID,PRODUCT_CONTRACT_NAME,REP_ITEM_MASTER_ID,SERVICE_IDENT_NUMBER,CONTRACT_ID,EXTENDS_PARAMETER_ITERANCE) values (401,'2020/8/5 15:30','COTOS_BATCH_USER','2020/8/5 15:45','COTOS_BATCH_USER',1,9001,'VSIM',0,'CS2020080500381',401,'{"extendsParameterList":[{"id":1,"contractType":"新規","productCode":"SI0001","productName":"リコーモバイル通信サービス　データＳＩＭ（Ｓ）２ＧＢ　月額利用料","lineNumber":"1","serialNumber":"11","imeiNumber":"imeiNumber1","invoiceNumber":"111"},{"id":2,"contractType":"新規","productCode":"SI0001","productName":"リコーモバイル通信サービス　データＳＩＭ（Ｓ）２ＧＢ　月額利用料","lineNumber":"2","serialNumber":"22","imeiNumber":"imeiNumber2","invoiceNumber":"222"},{"id":3,"contractType":"新規","productCode":"SI0002","productName":"リコーモバイル通信サービス　データＳＩＭ（Ｓ）５ＧＢ　月額利用料","lineNumber":"3","serialNumber":"33","imeiNumber":"imeiNumber3","invoiceNumber":"333"},{"id":4,"contractType":"新規","productCode":"SI0002","productName":"リコーモバイル通信サービス　データＳＩＭ（Ｓ）５ＧＢ　月額利用料","lineNumber":"4","serialNumber":"44","imeiNumber":"imeiNumber4","invoiceNumber":"444"},{"id":5,"contractType":"新規","productCode":"SI0003","productName":"リコーモバイル通信サービス　データＳＩＭ（Ｓ）１０ＧＢ　月額利用料","lineNumber":"5","serialNumber":"55","imeiNumber":"imeiNumber5","invoiceNumber":"555"},{"id":6,"contractType":"新規","productCode":"SI0003","productName":"リコーモバイル通信サービス　データＳＩＭ（Ｓ）１０ＧＢ　月額利用料","lineNumber":"6","serialNumber":"66","imeiNumber":"imeiNumber6","invoiceNumber":"666"},{"id":7,"contractType":"新規","productCode":"SI0004","productName":"リコーモバイル通信サービス　データＳＩＭ（Ｓ）２０ＧＢ　月額利用料","lineNumber":"7","serialNumber":"77","imeiNumber":"imeiNumber7","invoiceNumber":"777"},{"id":8,"contractType":"新規","productCode":"SI0004","productName":"リコーモバイル通信サービス　データＳＩＭ（Ｓ）２０ＧＢ　月額利用料","lineNumber":"8","serialNumber":"88","imeiNumber":"imeiNumber8","invoiceNumber":"888"}]}');
Insert into ITEM_CONTRACT (ID,CREATED_AT,CREATED_USER_ID,UPDATED_AT,UPDATED_USER_ID,VERSION,ITEM_MASTER_ID,PRODUCT_MASTER_ID,ITEM_CONTRACT_NAME,RICOH_ITEM_CODE,ITEM_TYPE,COST_TYPE,PARTITION_PRICE,CONTRACT_DETAIL_ID,R_COST,RJ_PURCHASE_PRICE,RJ_DIVIDING_PRICE,MOTHER_STORE_PRICE,IFS_LINKAGE_FLG) values (401,'2020/8/5 15:30','COTOS_BATCH_USER','2020/8/5 15:49',507288,9,3001,300,'リコーモバイル通信サービス　データＳＩＭ（Ｓ）新規契約初期費','SI0000',1,1,602,401,602,602,0,0,0);
Insert into ITEM_CONTRACT (ID,CREATED_AT,CREATED_USER_ID,UPDATED_AT,UPDATED_USER_ID,VERSION,ITEM_MASTER_ID,PRODUCT_MASTER_ID,ITEM_CONTRACT_NAME,RICOH_ITEM_CODE,ITEM_TYPE,COST_TYPE,PARTITION_PRICE,CONTRACT_DETAIL_ID,R_COST,RJ_PURCHASE_PRICE,RJ_DIVIDING_PRICE,MOTHER_STORE_PRICE,IFS_LINKAGE_FLG) values (402,'2020/8/5 15:30','COTOS_BATCH_USER','2020/8/5 15:49',507288,9,3002,300,'リコーモバイル通信サービス　データＳＩＭ（Ｓ）２ＧＢ　月額利用料','SI0001',1,2,1182,402,1182,1182,0,0,1);
Insert into ITEM_CONTRACT (ID,CREATED_AT,CREATED_USER_ID,UPDATED_AT,UPDATED_USER_ID,VERSION,ITEM_MASTER_ID,PRODUCT_MASTER_ID,ITEM_CONTRACT_NAME,RICOH_ITEM_CODE,ITEM_TYPE,COST_TYPE,PARTITION_PRICE,CONTRACT_DETAIL_ID,R_COST,RJ_PURCHASE_PRICE,RJ_DIVIDING_PRICE,MOTHER_STORE_PRICE,IFS_LINKAGE_FLG) values (403,'2020/8/5 15:30','COTOS_BATCH_USER','2020/8/5 15:49',507288,9,3003,300,'リコーモバイル通信サービス　データＳＩＭ（Ｓ）５ＧＢ　月額利用料','SI0002',1,2,1472,403,1472,1472,0,0,1);
Insert into ITEM_CONTRACT (ID,CREATED_AT,CREATED_USER_ID,UPDATED_AT,UPDATED_USER_ID,VERSION,ITEM_MASTER_ID,PRODUCT_MASTER_ID,ITEM_CONTRACT_NAME,RICOH_ITEM_CODE,ITEM_TYPE,COST_TYPE,PARTITION_PRICE,CONTRACT_DETAIL_ID,R_COST,RJ_PURCHASE_PRICE,RJ_DIVIDING_PRICE,MOTHER_STORE_PRICE,IFS_LINKAGE_FLG) values (404,'2020/8/5 15:30','COTOS_BATCH_USER','2020/8/5 15:49',507288,9,3004,300,'リコーモバイル通信サービス　データＳＩＭ（Ｓ）１０ＧＢ　月額利用料','SI0003',1,2,2232,404,2232,2232,0,0,1);
Insert into ITEM_CONTRACT (ID,CREATED_AT,CREATED_USER_ID,UPDATED_AT,UPDATED_USER_ID,VERSION,ITEM_MASTER_ID,PRODUCT_MASTER_ID,ITEM_CONTRACT_NAME,RICOH_ITEM_CODE,ITEM_TYPE,COST_TYPE,PARTITION_PRICE,CONTRACT_DETAIL_ID,R_COST,RJ_PURCHASE_PRICE,RJ_DIVIDING_PRICE,MOTHER_STORE_PRICE,IFS_LINKAGE_FLG) values (405,'2020/8/5 15:30','COTOS_BATCH_USER','2020/8/5 15:49',507288,9,3005,300,'リコーモバイル通信サービス　データＳＩＭ（Ｓ）２０ＧＢ　月額利用料','SI0004',1,2,2752,405,2752,2752,0,0,1);
Insert into CUSTOMER_CONTRACT (ID,CREATED_AT,CREATED_USER_ID,UPDATED_AT,UPDATED_USER_ID,VERSION,MOM_KJB_SYSTEM_ID,MOM_CUST_ID,COMPANY_ID,OFFICE_ID,DEPARTMENT_DIV,CUSTOMER_NAME,COMPANY_NAME,COMPANY_NAME_KANA,OFFICE_NAME,DEPARTMENT_NAME,POST_NUMBER,ADDRESS,PHONE_NUMBER,PIC_NAME,PIC_NAME_KANA,PIC_DEPT_NAME,PIC_PHONE_NUMBER,PIC_FAX_NUMBER,PIC_MAIL_ADDRESS,CONTRACT_ID) values (401,'2020/8/5 15:30','COTOS_BATCH_USER','2020/8/5 15:35',229746,1,18743797,11948261,8085168,8606105,2,'有限会社天＊ア＊リコーポレーション＊＊＊＊＊','有限会社天＊ア＊リコーポレーション','ア＊ク＊アグリコーポレーシヨン','＊＊＊','＊＊',8630001,'熊本県天草市本渡町広瀬９９－９９　ＸＸＸビル',969225999,'担当 太郎','タントウ タロウ','部署A',11112222,11112222,'hoge@example.com',401);
/**
 * IFS連携用解約CSV作成状態=1のため抽出されないデータ
 */
Insert into CONTRACT (ID,CREATED_AT,CREATED_USER_ID,UPDATED_AT,UPDATED_USER_ID,VERSION,CONTRACT_TYPE,PRODUCT_GRP_MASTER_ID,LIFECYCLE_STATUS,WORKFLOW_STATUS,IMMUTABLE_CONT_IDENT_NUMBER,CONTRACT_NUMBER,CONTRACT_BRANCH_NUMBER,CONTRACT_DATE,ACCOUNT_SALES_FLG,SERVICE_TERM_START,CANCEL_SCHEDULED_DATE,ESTIMATION_NUMBER,ESTIMATION_BRANCH_NUMBER,ESTIMATION_ID,ESTIMATION_TITLE,COMMERCIAL_FLOW_DIV,BILLING_CUSTOMER_SP_CODE,BILLING_CUSTOMER_SP_NAME,EXTENDS_PARAMETER,RJ_MANAGE_NUMBER,BILLING_START_DATE,CONCLUSION_PREFERRED_DATE,APP_ID,IFS_LINKAGE_CSV_CREATE_STATUS,IFS_LINKAGE_CSV_CREATE_DATE,ISSUE_TAX_CODE_VALUE,CONTACT_NO,SS_WORK_REQUEST_CREATE_STATUS,APPLICATION_DATE,FIXED_DATE,MANUAL_UPDATE_FLG,EIM_LINKED_STATUS,cancel_decision_date,ifs_linkage_cancel_csv_status) values (402,'2020/08/05 15:30:54.777','COTOS_BATCH_USER','2020/08/05 15:51:10.067','00229692',21,'1',300,'8','3','CIC202008050382','CC2020080500382',1,'2020/08/05',1,'2020/08/31','2020/08/31','CE2020080500502',1,522,'SIM全解約','1','40800105071','リコージャパン株式＊＊','{"cpqTransactionId":"40393123","cpqReConfigUrl":"https://ricohtest2.bigmachines.com/commerce/new_equipment/products/model_configs.jsp?_from_punchin=true&actionVarName=addLineItem_t&id=40393123&product_line=telecommunication&model=ricohSim&segment=communication&bm_sales_root_bom_item_id=abo_84b62abd-4aee-4d31-ad24-55a679c9e2bf&configContextKey=5283774d-312b-4404-af40-e5943b194fc6&reconfigFlg=true&newOrderSuspensionFlg=false"}','T020000061','2020/09/01','2020/08/31','cotos_batch','0',null,'10','22200000001','0','2020/08/05','2020/08/05',0,'0','2020/08/31','1');
Insert into PRODUCT_CONTRACT (ID,CREATED_AT,CREATED_USER_ID,UPDATED_AT,UPDATED_USER_ID,VERSION,PRODUCT_MASTER_ID,PRODUCT_CONTRACT_NAME,REP_ITEM_MASTER_ID,SERVICE_IDENT_NUMBER,CONTRACT_ID,EXTENDS_PARAMETER_ITERANCE) values (150,to_timestamp('18-12-28 10:51:35.469000000','RR-MM-DD HH24:MI:SSXFF'),'COTOS_BATCH_USER',null,null,0,9001,'VSIM',null,'CS2018122800140',402,'{"extendsParameterList":[{"id":1,"contractType":"容量変更","productCode":"SI0001","productName":"データSIM Type-C 2GB","lineNumber":"","serialNumber":"","device":"dummy_device_140","invoiceNumber":""}]}');
Insert into CONTRACT_DETAIL (ID,CREATED_AT,CREATED_USER_ID,UPDATED_AT,UPDATED_USER_ID,VERSION,CONTRACT_ID,STATE,QUANTITY,AMOUNT_SUMMARY,EXTENDS_PARAMETER,DETAIL_ABSTRACT,UNIT_PRICE) values (150,to_timestamp('18-12-28 10:51:35.412000000','RR-MM-DD HH24:MI:SSXFF'),'COTOS_BATCH_USER',null,null,0,402,'2',1,5000,'',null,5000);
Insert into ITEM_CONTRACT (ID,CREATED_AT,CREATED_USER_ID,UPDATED_AT,UPDATED_USER_ID,VERSION,ITEM_MASTER_ID,PRODUCT_MASTER_ID,ITEM_CONTRACT_NAME,RICOH_ITEM_CODE,ITEM_TYPE,COST_TYPE,PARTITION_PRICE,CONTRACT_DETAIL_ID,BP_CD,R_COST,RJ_PURCHASE_PRICE,RJ_DIVIDING_PRICE,MOTHER_STORE_PRICE,TAX_FLAG,IFS_LINKAGE_FLG) values (150,to_timestamp('18-12-28 10:51:35.419000000','RR-MM-DD HH24:MI:SSXFF'),'COTOS_BATCH_USER',null,null,0,3002,300,'リコーモバイル通信サービス　データＳＩＭ（Ｓ）２ＧＢ　月額利用料','SI0001','1','2',1500,150,null,1350,1283,1154,1038,null,1);
Insert into CUSTOMER_CONTRACT (ID,CREATED_AT,CREATED_USER_ID,UPDATED_AT,UPDATED_USER_ID,VERSION,MOM_KJB_SYSTEM_ID,MOM_CUST_ID,COMPANY_ID,OFFICE_ID,DEPARTMENT_DIV,CUSTOMER_NAME,COMPANY_NAME,COMPANY_NAME_KANA,OFFICE_NAME,DEPARTMENT_NAME,POST_NUMBER,ADDRESS,PHONE_NUMBER,FAX_NUMBER,COMPANY_REPRESENTATIVE_NAME,COMPANY_REPRESENTATIVE_NAME_KANA,PIC_NAME,PIC_NAME_KANA,PIC_DEPT_NAME,PIC_PHONE_NUMBER,PIC_FAX_NUMBER,PIC_MAIL_ADDRESS,CONTRACT_ID,NETRICOH_ACCOUNT,SETUP_CORP_NM,SETUP_POST_CD,SETUP_ADDR,SETUP_TEL) values (150,to_timestamp('18-12-28 10:51:35.405000000','RR-MM-DD HH24:MI:SSXFF'),'COTOS_BATCH_USER',null,null,0,'000000012647659','000000007511725','000000004890609','000000001269962','2','契約者forSIM1','企業forSIM1',null,'事業所forSIM1',null,'107-00001','東京都港区赤坂forSIM1',null,null,null,null,'担当者 テスト1',null,null,'03-3568-xx01',null,'Mail_forSIM',402,'nr00000001',null,null,null,null);