Insert into CONTRACT (ID,CREATED_AT,CREATED_USER_ID,UPDATED_AT,UPDATED_USER_ID,VERSION,CONTRACT_TYPE,PRODUCT_GRP_MASTER_ID,LIFECYCLE_STATUS,WORKFLOW_STATUS,IMMUTABLE_CONT_IDENT_NUMBER,CASE_NUMBER,CASE_TITLE,CONTRACT_NUMBER,CONTRACT_BRANCH_NUMBER,CONTRACT_TITLE,ORIGIN_CONTRACT_NUMBER,ORIGIN_CONTRACT_BRANCH_NUMBER,ORIGIN_CONTRACT_ID,CHANGE_PREFERRED_DATE,CONTRACT_DATE,ACCOUNT_SALES_FLG,BILLING_DATE,SERVICE_TERM_START,SERVICE_TERM_END,CANCEL_SCHEDULED_DATE,ESTIMATION_NUMBER,ESTIMATION_BRANCH_NUMBER,ESTIMATION_ID,ESTIMATION_TITLE,COMMERCIAL_FLOW_DIV,ISSUE_FORMAT,BILLING_CUSTOMER_SP_CODE,BILLING_CUSTOMER_SP_NAME,PAYMENT_TERMS,PAYMENT_METHOD,CANCEL_REASON,CANCEL_REASON_ETC,WEB_ORDER_NUMBER,RJ_MANAGE_NUMBER,BILLING_START_DATE,IFS_LINKAGE_CSV_CREATE_STATUS) values (140,to_timestamp('18-12-28 10:51:35.402000000','RR-MM-DD HH24:MI:SSXFF'),'COTOS_BATCH_USER',to_timestamp('18-12-28 10:51:35.672000000','RR-MM-DD HH24:MI:SSXFF'),'COTOS_BATCH_USER',0,'1',100,'6','7','CIC201812280140',null,null,'CC2018122800140',1,'RICOH Smart Integretion',null,null,null,null,to_date('18-11-16','RR-MM-DD'),1,null,to_date('18-11-16','RR-MM-DD'),to_date('19-11-16', 'RR-MM-DD'),to_date('20-11-16','RR-MM-DD'),null,null,null,null,'1',null,'73398917',null,null,null,null,null,'RSIC000001','RKOR000001',to_date('18-11-17','RR-MM-DD'),'0');
Insert into CONTRACT (ID,CREATED_AT,CREATED_USER_ID,UPDATED_AT,UPDATED_USER_ID,VERSION,CONTRACT_TYPE,PRODUCT_GRP_MASTER_ID,LIFECYCLE_STATUS,WORKFLOW_STATUS,IMMUTABLE_CONT_IDENT_NUMBER,CASE_NUMBER,CASE_TITLE,CONTRACT_NUMBER,CONTRACT_BRANCH_NUMBER,CONTRACT_TITLE,ORIGIN_CONTRACT_NUMBER,ORIGIN_CONTRACT_BRANCH_NUMBER,ORIGIN_CONTRACT_ID,CHANGE_PREFERRED_DATE,CONTRACT_DATE,ACCOUNT_SALES_FLG,BILLING_DATE,SERVICE_TERM_START,SERVICE_TERM_END,CANCEL_SCHEDULED_DATE,ESTIMATION_NUMBER,ESTIMATION_BRANCH_NUMBER,ESTIMATION_ID,ESTIMATION_TITLE,COMMERCIAL_FLOW_DIV,ISSUE_FORMAT,BILLING_CUSTOMER_SP_CODE,BILLING_CUSTOMER_SP_NAME,PAYMENT_TERMS,PAYMENT_METHOD,CANCEL_REASON,CANCEL_REASON_ETC,WEB_ORDER_NUMBER,RJ_MANAGE_NUMBER,BILLING_START_DATE,IFS_LINKAGE_CSV_CREATE_STATUS) values (141,to_timestamp('18-12-28 10:51:35.559000000','RR-MM-DD HH24:MI:SSXFF'),'COTOS_BATCH_USER',to_timestamp('18-12-28 10:51:35.672000000','RR-MM-DD HH24:MI:SSXFF'),'COTOS_BATCH_USER',1,'1',100,'7','7','CIC201812280141',null,null,'CC2018122800141',1,'RICOH Smart Integretion',null,null,null,null,to_date('18-11-16','RR-MM-DD'),1,null,to_date('18-11-16','RR-MM-DD'),to_date('19-11-16', 'RR-MM-DD'),to_date('20-11-16','RR-MM-DD'),null,null,null,null,'3',null,'73398917',null,null,null,null,null,'RSIC000009','RKOR000009',to_date('18-11-17','RR-MM-DD'),'0');
Insert into CONTRACT (ID,CREATED_AT,CREATED_USER_ID,UPDATED_AT,UPDATED_USER_ID,VERSION,CONTRACT_TYPE,PRODUCT_GRP_MASTER_ID,LIFECYCLE_STATUS,WORKFLOW_STATUS,IMMUTABLE_CONT_IDENT_NUMBER,CASE_NUMBER,CASE_TITLE,CONTRACT_NUMBER,CONTRACT_BRANCH_NUMBER,CONTRACT_TITLE,ORIGIN_CONTRACT_NUMBER,ORIGIN_CONTRACT_BRANCH_NUMBER,ORIGIN_CONTRACT_ID,CHANGE_PREFERRED_DATE,CONTRACT_DATE,ACCOUNT_SALES_FLG,BILLING_DATE,SERVICE_TERM_START,SERVICE_TERM_END,CANCEL_SCHEDULED_DATE,ESTIMATION_NUMBER,ESTIMATION_BRANCH_NUMBER,ESTIMATION_ID,ESTIMATION_TITLE,COMMERCIAL_FLOW_DIV,ISSUE_FORMAT,BILLING_CUSTOMER_SP_CODE,BILLING_CUSTOMER_SP_NAME,PAYMENT_TERMS,PAYMENT_METHOD,CANCEL_REASON,CANCEL_REASON_ETC,WEB_ORDER_NUMBER,RJ_MANAGE_NUMBER,BILLING_START_DATE,IFS_LINKAGE_CSV_CREATE_STATUS) values (142,to_timestamp('18-12-28 10:51:35.654000000','RR-MM-DD HH24:MI:SSXFF'),'COTOS_BATCH_USER',to_timestamp('18-12-28 10:51:35.739000000','RR-MM-DD HH24:MI:SSXFF'),'COTOS_BATCH_USER',1,'2',100,'8','3','CIC201812280141',null,null,'CC2018122800142',1,'RICOH Smart Integretion','CC2018122800141',1,141,null,to_date('18-11-16','RR-MM-DD'),1,null,to_date('18-11-16','RR-MM-DD'),to_date('19-11-16', 'RR-MM-DD'),to_date('20-11-16','RR-MM-DD'),null,null,null,null,'3',null,'73398917',null,null,null,null,null,'RSIC000010','RKOR000009',to_date('18-11-17','RR-MM-DD'),'0');
Insert into CONTRACT (ID,CREATED_AT,CREATED_USER_ID,UPDATED_AT,UPDATED_USER_ID,VERSION,CONTRACT_TYPE,PRODUCT_GRP_MASTER_ID,LIFECYCLE_STATUS,WORKFLOW_STATUS,IMMUTABLE_CONT_IDENT_NUMBER,CASE_NUMBER,CASE_TITLE,CONTRACT_NUMBER,CONTRACT_BRANCH_NUMBER,CONTRACT_TITLE,ORIGIN_CONTRACT_NUMBER,ORIGIN_CONTRACT_BRANCH_NUMBER,ORIGIN_CONTRACT_ID,CHANGE_PREFERRED_DATE,CONTRACT_DATE,ACCOUNT_SALES_FLG,BILLING_DATE,SERVICE_TERM_START,SERVICE_TERM_END,CANCEL_SCHEDULED_DATE,ESTIMATION_NUMBER,ESTIMATION_BRANCH_NUMBER,ESTIMATION_ID,ESTIMATION_TITLE,COMMERCIAL_FLOW_DIV,ISSUE_FORMAT,BILLING_CUSTOMER_SP_CODE,BILLING_CUSTOMER_SP_NAME,PAYMENT_TERMS,PAYMENT_METHOD,CANCEL_REASON,CANCEL_REASON_ETC,WEB_ORDER_NUMBER,RJ_MANAGE_NUMBER,BILLING_START_DATE,IFS_LINKAGE_CSV_CREATE_STATUS) values (143,to_timestamp('18-12-28 10:51:35.719000000','RR-MM-DD HH24:MI:SSXFF'),'COTOS_BATCH_USER',to_timestamp('18-12-28 10:51:35.802000000','RR-MM-DD HH24:MI:SSXFF'),'COTOS_BATCH_USER',1,'2',100,'7','3','CIC201812280141',null,null,'CC2018122800143',1,'RICOH Smart Integretion','CC2018122800142',1,142,null,to_date('18-11-16','RR-MM-DD'),1,null,to_date('18-11-16','RR-MM-DD'),to_date('19-11-16', 'RR-MM-DD'),to_date('20-11-16','RR-MM-DD'),null,null,null,null,'3',null,'73398917',null,null,null,null,'RSIC000012','RSIC000011','RKOR000009',to_date('18-11-17','RR-MM-DD'),'0');
Insert into CONTRACT (ID,CREATED_AT,CREATED_USER_ID,UPDATED_AT,UPDATED_USER_ID,VERSION,CONTRACT_TYPE,PRODUCT_GRP_MASTER_ID,LIFECYCLE_STATUS,WORKFLOW_STATUS,IMMUTABLE_CONT_IDENT_NUMBER,CASE_NUMBER,CASE_TITLE,CONTRACT_NUMBER,CONTRACT_BRANCH_NUMBER,CONTRACT_TITLE,ORIGIN_CONTRACT_NUMBER,ORIGIN_CONTRACT_BRANCH_NUMBER,ORIGIN_CONTRACT_ID,CHANGE_PREFERRED_DATE,CONTRACT_DATE,ACCOUNT_SALES_FLG,BILLING_DATE,SERVICE_TERM_START,SERVICE_TERM_END,CANCEL_SCHEDULED_DATE,ESTIMATION_NUMBER,ESTIMATION_BRANCH_NUMBER,ESTIMATION_ID,ESTIMATION_TITLE,COMMERCIAL_FLOW_DIV,ISSUE_FORMAT,BILLING_CUSTOMER_SP_CODE,BILLING_CUSTOMER_SP_NAME,PAYMENT_TERMS,PAYMENT_METHOD,CANCEL_REASON,CANCEL_REASON_ETC,WEB_ORDER_NUMBER,RJ_MANAGE_NUMBER,BILLING_START_DATE,IFS_LINKAGE_CSV_CREATE_STATUS) values (144,to_timestamp('18-12-28 10:51:35.866000000','RR-MM-DD HH24:MI:SSXFF'),'COTOS_BATCH_USER',to_timestamp('18-12-28 10:51:35.672000000','RR-MM-DD HH24:MI:SSXFF'),'COTOS_BATCH_USER',0,'1',100,'6','7','CIC201812280142',null,null,'CC2018122800144',1,'RICOH Smart Integretion',null,null,null,null,to_date('18-11-16','RR-MM-DD'),1,null,to_date('18-11-16','RR-MM-DD'),null,to_date('20-11-16','RR-MM-DD'),null,null,null,null,'2',null,'73398917',null,null,null,null,null,'RSIC000139','RKOR000139',to_date('18-11-17','RR-MM-DD'),'0');
Insert into CONTRACT (ID,CREATED_AT,CREATED_USER_ID,UPDATED_AT,UPDATED_USER_ID,VERSION,CONTRACT_TYPE,PRODUCT_GRP_MASTER_ID,LIFECYCLE_STATUS,WORKFLOW_STATUS,IMMUTABLE_CONT_IDENT_NUMBER,CASE_NUMBER,CASE_TITLE,CONTRACT_NUMBER,CONTRACT_BRANCH_NUMBER,CONTRACT_TITLE,ORIGIN_CONTRACT_NUMBER,ORIGIN_CONTRACT_BRANCH_NUMBER,ORIGIN_CONTRACT_ID,CHANGE_PREFERRED_DATE,CONTRACT_DATE,ACCOUNT_SALES_FLG,BILLING_DATE,SERVICE_TERM_START,SERVICE_TERM_END,CANCEL_SCHEDULED_DATE,ESTIMATION_NUMBER,ESTIMATION_BRANCH_NUMBER,ESTIMATION_ID,ESTIMATION_TITLE,COMMERCIAL_FLOW_DIV,ISSUE_FORMAT,BILLING_CUSTOMER_SP_CODE,BILLING_CUSTOMER_SP_NAME,PAYMENT_TERMS,PAYMENT_METHOD,CANCEL_REASON,CANCEL_REASON_ETC,WEB_ORDER_NUMBER,RJ_MANAGE_NUMBER,BILLING_START_DATE,IFS_LINKAGE_CSV_CREATE_STATUS) values (145,to_timestamp('18-12-28 10:51:35.866000000','RR-MM-DD HH24:MI:SSXFF'),'COTOS_BATCH_USER',to_timestamp('18-12-28 10:51:35.672000000','RR-MM-DD HH24:MI:SSXFF'),'COTOS_BATCH_USER',0,'1',100,'6','7','CIC201812280143',null,null,'CC2018122800145',1,'RICOH Smart Integretion',null,null,null,null,to_date('18-11-16','RR-MM-DD'),1,null,to_date('18-11-16','RR-MM-DD'),null,to_date('20-11-16','RR-MM-DD'),null,null,null,null,'2',null,'73398917',null,null,null,null,null,'RSIC000139','RKOR000139',to_date('18-11-17','RR-MM-DD'),'2');
Insert into PRODUCT_CONTRACT (ID,CREATED_AT,CREATED_USER_ID,UPDATED_AT,UPDATED_USER_ID,VERSION,PRODUCT_MASTER_ID,PRODUCT_CONTRACT_NAME,REP_ITEM_MASTER_ID,SERVICE_IDENT_NUMBER,CONTRACT_ID) values (140,to_timestamp('18-12-28 10:51:35.469000000','RR-MM-DD HH24:MI:SSXFF'),'COTOS_BATCH_USER',null,null,0,200,'CSP',null,'CS2018122800140',140);
Insert into PRODUCT_CONTRACT (ID,CREATED_AT,CREATED_USER_ID,UPDATED_AT,UPDATED_USER_ID,VERSION,PRODUCT_MASTER_ID,PRODUCT_CONTRACT_NAME,REP_ITEM_MASTER_ID,SERVICE_IDENT_NUMBER,CONTRACT_ID) values (141,to_timestamp('18-12-28 10:51:35.586000000','RR-MM-DD HH24:MI:SSXFF'),'COTOS_BATCH_USER',null,null,0,200,'CSP',null,'CS2018122800141',141);
Insert into PRODUCT_CONTRACT (ID,CREATED_AT,CREATED_USER_ID,UPDATED_AT,UPDATED_USER_ID,VERSION,PRODUCT_MASTER_ID,PRODUCT_CONTRACT_NAME,REP_ITEM_MASTER_ID,SERVICE_IDENT_NUMBER,CONTRACT_ID) values (142,to_timestamp('18-12-28 10:51:35.671000000','RR-MM-DD HH24:MI:SSXFF'),'COTOS_BATCH_USER',null,null,0,200,'CSP',null,'CS2018122800142',142);
Insert into PRODUCT_CONTRACT (ID,CREATED_AT,CREATED_USER_ID,UPDATED_AT,UPDATED_USER_ID,VERSION,PRODUCT_MASTER_ID,PRODUCT_CONTRACT_NAME,REP_ITEM_MASTER_ID,SERVICE_IDENT_NUMBER,CONTRACT_ID) values (143,to_timestamp('18-12-28 10:51:35.737000000','RR-MM-DD HH24:MI:SSXFF'),'COTOS_BATCH_USER',null,null,0,200,'CSP',null,'CS2018122800143',143);
Insert into PRODUCT_CONTRACT (ID,CREATED_AT,CREATED_USER_ID,UPDATED_AT,UPDATED_USER_ID,VERSION,PRODUCT_MASTER_ID,PRODUCT_CONTRACT_NAME,REP_ITEM_MASTER_ID,SERVICE_IDENT_NUMBER,CONTRACT_ID) values (144,to_timestamp('18-12-28 10:51:35.898000000','RR-MM-DD HH24:MI:SSXFF'),'COTOS_BATCH_USER',null,null,0,200,'CSP',null,'CS2018122800144',144);
Insert into PRODUCT_CONTRACT (ID,CREATED_AT,CREATED_USER_ID,UPDATED_AT,UPDATED_USER_ID,VERSION,PRODUCT_MASTER_ID,PRODUCT_CONTRACT_NAME,REP_ITEM_MASTER_ID,SERVICE_IDENT_NUMBER,CONTRACT_ID) values (145,to_timestamp('18-12-28 10:51:35.898000000','RR-MM-DD HH24:MI:SSXFF'),'COTOS_BATCH_USER',null,null,0,200,'CSP',null,'CS2018122800145',145);
Insert into CONTRACT_DETAIL (ID,CREATED_AT,CREATED_USER_ID,UPDATED_AT,UPDATED_USER_ID,VERSION,CONTRACT_ID,STATE,QUANTITY,AMOUNT_SUMMARY,DETAIL_ABSTRACT) values (160,to_timestamp('18-12-28 10:51:35.412000000','RR-MM-DD HH24:MI:SSXFF'),'COTOS_BATCH_USER',null,null,0,140,'2',1,5000,null);
Insert into CONTRACT_DETAIL (ID,CREATED_AT,CREATED_USER_ID,UPDATED_AT,UPDATED_USER_ID,VERSION,CONTRACT_ID,STATE,QUANTITY,AMOUNT_SUMMARY,DETAIL_ABSTRACT) values (161,to_timestamp('18-12-28 10:51:35.418000000','RR-MM-DD HH24:MI:SSXFF'),'COTOS_BATCH_USER',null,null,0,140,'2',1,1500,null);
Insert into CONTRACT_DETAIL (ID,CREATED_AT,CREATED_USER_ID,UPDATED_AT,UPDATED_USER_ID,VERSION,CONTRACT_ID,STATE,QUANTITY,AMOUNT_SUMMARY,DETAIL_ABSTRACT) values (162,to_timestamp('18-12-28 10:51:35.565000000','RR-MM-DD HH24:MI:SSXFF'),'COTOS_BATCH_USER',null,null,0,141,'2',9,5000,null);
Insert into CONTRACT_DETAIL (ID,CREATED_AT,CREATED_USER_ID,UPDATED_AT,UPDATED_USER_ID,VERSION,CONTRACT_ID,STATE,QUANTITY,AMOUNT_SUMMARY,DETAIL_ABSTRACT) values (163,to_timestamp('18-12-28 10:51:35.566000000','RR-MM-DD HH24:MI:SSXFF'),'COTOS_BATCH_USER',null,null,0,141,'2',9,18000,null);
Insert into CONTRACT_DETAIL (ID,CREATED_AT,CREATED_USER_ID,UPDATED_AT,UPDATED_USER_ID,VERSION,CONTRACT_ID,STATE,QUANTITY,AMOUNT_SUMMARY,DETAIL_ABSTRACT) values (164,to_timestamp('18-12-28 10:51:35.657000000','RR-MM-DD HH24:MI:SSXFF'),'COTOS_BATCH_USER',null,null,0,142,'2',9,5000,null);
Insert into CONTRACT_DETAIL (ID,CREATED_AT,CREATED_USER_ID,UPDATED_AT,UPDATED_USER_ID,VERSION,CONTRACT_ID,STATE,QUANTITY,AMOUNT_SUMMARY,DETAIL_ABSTRACT) values (165,to_timestamp('18-12-28 10:51:35.659000000','RR-MM-DD HH24:MI:SSXFF'),'COTOS_BATCH_USER',null,null,0,142,'2',9,18000,null);
Insert into CONTRACT_DETAIL (ID,CREATED_AT,CREATED_USER_ID,UPDATED_AT,UPDATED_USER_ID,VERSION,CONTRACT_ID,STATE,QUANTITY,AMOUNT_SUMMARY,DETAIL_ABSTRACT) values (166,to_timestamp('18-12-28 10:51:35.723000000','RR-MM-DD HH24:MI:SSXFF'),'COTOS_BATCH_USER',null,null,0,143,'2',11,5000,null);
Insert into CONTRACT_DETAIL (ID,CREATED_AT,CREATED_USER_ID,UPDATED_AT,UPDATED_USER_ID,VERSION,CONTRACT_ID,STATE,QUANTITY,AMOUNT_SUMMARY,DETAIL_ABSTRACT) values (167,to_timestamp('18-12-28 10:51:35.724000000','RR-MM-DD HH24:MI:SSXFF'),'COTOS_BATCH_USER',null,null,0,143,'2',11,18000,null);
Insert into CONTRACT_DETAIL (ID,CREATED_AT,CREATED_USER_ID,UPDATED_AT,UPDATED_USER_ID,VERSION,CONTRACT_ID,STATE,QUANTITY,AMOUNT_SUMMARY,DETAIL_ABSTRACT) values (168,to_timestamp('18-12-28 10:51:35.869000000','RR-MM-DD HH24:MI:SSXFF'),'COTOS_BATCH_USER',null,null,0,144,'2',4,5000,null);
Insert into CONTRACT_DETAIL (ID,CREATED_AT,CREATED_USER_ID,UPDATED_AT,UPDATED_USER_ID,VERSION,CONTRACT_ID,STATE,QUANTITY,AMOUNT_SUMMARY,DETAIL_ABSTRACT) values (176,to_timestamp('18-12-28 10:51:35.873000000','RR-MM-DD HH24:MI:SSXFF'),'COTOS_BATCH_USER',null,null,0,145,'2',8,50000,null);
Insert into CONTRACT_DETAIL (ID,CREATED_AT,CREATED_USER_ID,UPDATED_AT,UPDATED_USER_ID,VERSION,CONTRACT_ID,STATE,QUANTITY,AMOUNT_SUMMARY,DETAIL_ABSTRACT) values (177,to_timestamp('18-12-28 10:51:35.873000000','RR-MM-DD HH24:MI:SSXFF'),'COTOS_BATCH_USER',null,null,0,145,'2',8,50000,null);
Insert into ITEM_CONTRACT (ID,CREATED_AT,CREATED_USER_ID,UPDATED_AT,UPDATED_USER_ID,VERSION,ITEM_MASTER_ID,PRODUCT_MASTER_ID,ITEM_CONTRACT_NAME,RICOH_ITEM_CODE,ITEM_TYPE,COST_TYPE,PARTITION_PRICE,CONTRACT_DETAIL_ID,BP_CD,R_COST,RJ_PURCHASE_PRICE,RJ_DIVIDING_PRICE,MOTHER_STORE_PRICE,TAX_FLAG,IFS_LINKAGE_FLG) values (160,to_timestamp('18-12-28 10:51:35.415000000','RR-MM-DD HH24:MI:SSXFF'),'COTOS_BATCH_USER',null,null,0,1,200,'RICOH クラウドアプリケーション スタートパック（月額）','311265','2','1',5000,160,null,4500,4275,3847,3462,null,1);
Insert into ITEM_CONTRACT (ID,CREATED_AT,CREATED_USER_ID,UPDATED_AT,UPDATED_USER_ID,VERSION,ITEM_MASTER_ID,PRODUCT_MASTER_ID,ITEM_CONTRACT_NAME,RICOH_ITEM_CODE,ITEM_TYPE,COST_TYPE,PARTITION_PRICE,CONTRACT_DETAIL_ID,BP_CD,R_COST,RJ_PURCHASE_PRICE,RJ_DIVIDING_PRICE,MOTHER_STORE_PRICE,TAX_FLAG,IFS_LINKAGE_FLG) values (161,to_timestamp('18-12-28 10:51:35.419000000','RR-MM-DD HH24:MI:SSXFF'),'COTOS_BATCH_USER',null,null,0,3,200,'RICOH カンタンストレージ活用 for Box 月額契約','311266','1','2',1500,161,null,1350,1283,1154,1038,null,1);
Insert into ITEM_CONTRACT (ID,CREATED_AT,CREATED_USER_ID,UPDATED_AT,UPDATED_USER_ID,VERSION,ITEM_MASTER_ID,PRODUCT_MASTER_ID,ITEM_CONTRACT_NAME,RICOH_ITEM_CODE,ITEM_TYPE,COST_TYPE,PARTITION_PRICE,CONTRACT_DETAIL_ID,BP_CD,R_COST,RJ_PURCHASE_PRICE,RJ_DIVIDING_PRICE,MOTHER_STORE_PRICE,TAX_FLAG,IFS_LINKAGE_FLG) values (162,to_timestamp('18-12-28 10:51:35.565000000','RR-MM-DD HH24:MI:SSXFF'),'COTOS_BATCH_USER',null,null,0,2,200,'RICOH クラウドアプリケーション スタートパック（年額）','311271','2','1',5000,162,null,4500,4275,3847,3462,null,1);
Insert into ITEM_CONTRACT (ID,CREATED_AT,CREATED_USER_ID,UPDATED_AT,UPDATED_USER_ID,VERSION,ITEM_MASTER_ID,PRODUCT_MASTER_ID,ITEM_CONTRACT_NAME,RICOH_ITEM_CODE,ITEM_TYPE,COST_TYPE,PARTITION_PRICE,CONTRACT_DETAIL_ID,BP_CD,R_COST,RJ_PURCHASE_PRICE,RJ_DIVIDING_PRICE,MOTHER_STORE_PRICE,TAX_FLAG,IFS_LINKAGE_FLG) values (163,to_timestamp('18-12-28 10:51:35.566000000','RR-MM-DD HH24:MI:SSXFF'),'COTOS_BATCH_USER',null,null,0,4,200,'RICOH カンタンストレージ活用 for Box 年額契約','311267','1','3',18000,163,null,16200,15390,13851,12465,null,1);
Insert into ITEM_CONTRACT (ID,CREATED_AT,CREATED_USER_ID,UPDATED_AT,UPDATED_USER_ID,VERSION,ITEM_MASTER_ID,PRODUCT_MASTER_ID,ITEM_CONTRACT_NAME,RICOH_ITEM_CODE,ITEM_TYPE,COST_TYPE,PARTITION_PRICE,CONTRACT_DETAIL_ID,BP_CD,R_COST,RJ_PURCHASE_PRICE,RJ_DIVIDING_PRICE,MOTHER_STORE_PRICE,TAX_FLAG,IFS_LINKAGE_FLG) values (164,to_timestamp('18-12-28 10:51:35.658000000','RR-MM-DD HH24:MI:SSXFF'),'COTOS_BATCH_USER',null,null,0,2,200,'RICOH クラウドアプリケーション スタートパック（年額）','311271','2','1',5000,164,null,4500,4275,3847,3462,null,1);
Insert into ITEM_CONTRACT (ID,CREATED_AT,CREATED_USER_ID,UPDATED_AT,UPDATED_USER_ID,VERSION,ITEM_MASTER_ID,PRODUCT_MASTER_ID,ITEM_CONTRACT_NAME,RICOH_ITEM_CODE,ITEM_TYPE,COST_TYPE,PARTITION_PRICE,CONTRACT_DETAIL_ID,BP_CD,R_COST,RJ_PURCHASE_PRICE,RJ_DIVIDING_PRICE,MOTHER_STORE_PRICE,TAX_FLAG,IFS_LINKAGE_FLG) values (165,to_timestamp('18-12-28 10:51:35.659000000','RR-MM-DD HH24:MI:SSXFF'),'COTOS_BATCH_USER',null,null,0,4,200,'RICOH カンタンストレージ活用 for Box 年額契約','311267','1','3',18000,165,null,16200,15390,13851,12465,null,1);
Insert into ITEM_CONTRACT (ID,CREATED_AT,CREATED_USER_ID,UPDATED_AT,UPDATED_USER_ID,VERSION,ITEM_MASTER_ID,PRODUCT_MASTER_ID,ITEM_CONTRACT_NAME,RICOH_ITEM_CODE,ITEM_TYPE,COST_TYPE,PARTITION_PRICE,CONTRACT_DETAIL_ID,BP_CD,R_COST,RJ_PURCHASE_PRICE,RJ_DIVIDING_PRICE,MOTHER_STORE_PRICE,TAX_FLAG,IFS_LINKAGE_FLG) values (166,to_timestamp('18-12-28 10:51:35.723000000','RR-MM-DD HH24:MI:SSXFF'),'COTOS_BATCH_USER',null,null,0,2,200,'RICOH クラウドアプリケーション スタートパック（年額）','311271','2','1',5000,166,null,4500,4275,3847,3462,null,1);
Insert into ITEM_CONTRACT (ID,CREATED_AT,CREATED_USER_ID,UPDATED_AT,UPDATED_USER_ID,VERSION,ITEM_MASTER_ID,PRODUCT_MASTER_ID,ITEM_CONTRACT_NAME,RICOH_ITEM_CODE,ITEM_TYPE,COST_TYPE,PARTITION_PRICE,CONTRACT_DETAIL_ID,BP_CD,R_COST,RJ_PURCHASE_PRICE,RJ_DIVIDING_PRICE,MOTHER_STORE_PRICE,TAX_FLAG,IFS_LINKAGE_FLG) values (167,to_timestamp('18-12-28 10:51:35.725000000','RR-MM-DD HH24:MI:SSXFF'),'COTOS_BATCH_USER',null,null,0,4,200,'RICOH カンタンストレージ活用 for Box 年額契約','311267','1','3',18000,167,null,16200,15390,13851,12465,null,1);
Insert into ITEM_CONTRACT (ID,CREATED_AT,CREATED_USER_ID,UPDATED_AT,UPDATED_USER_ID,VERSION,ITEM_MASTER_ID,PRODUCT_MASTER_ID,ITEM_CONTRACT_NAME,RICOH_ITEM_CODE,ITEM_TYPE,COST_TYPE,PARTITION_PRICE,CONTRACT_DETAIL_ID,BP_CD,R_COST,RJ_PURCHASE_PRICE,RJ_DIVIDING_PRICE,MOTHER_STORE_PRICE,TAX_FLAG,IFS_LINKAGE_FLG) values (168,to_timestamp('18-12-28 10:51:35.870000000','RR-MM-DD HH24:MI:SSXFF'),'COTOS_BATCH_USER',null,null,0,1,200,'RICOH クラウドアプリケーション スタートパック（月額）','311265','2','1',5000,168,null,4500,4275,3847,3462,null,1);
Insert into ITEM_CONTRACT (ID,CREATED_AT,CREATED_USER_ID,UPDATED_AT,UPDATED_USER_ID,VERSION,ITEM_MASTER_ID,PRODUCT_MASTER_ID,ITEM_CONTRACT_NAME,RICOH_ITEM_CODE,ITEM_TYPE,COST_TYPE,PARTITION_PRICE,CONTRACT_DETAIL_ID,BP_CD,R_COST,RJ_PURCHASE_PRICE,RJ_DIVIDING_PRICE,MOTHER_STORE_PRICE,TAX_FLAG,IFS_LINKAGE_FLG) values (176,to_timestamp('18-12-28 10:51:35.879000000','RR-MM-DD HH24:MI:SSXFF'),'COTOS_BATCH_USER',null,null,0,4,200,'RICOH カンタンストレージ活用 for Box 年額契約','311267','1','3',18000,176,null,16200,15390,13851,12465,null,1);
Insert into ITEM_CONTRACT (ID,CREATED_AT,CREATED_USER_ID,UPDATED_AT,UPDATED_USER_ID,VERSION,ITEM_MASTER_ID,PRODUCT_MASTER_ID,ITEM_CONTRACT_NAME,RICOH_ITEM_CODE,ITEM_TYPE,COST_TYPE,PARTITION_PRICE,CONTRACT_DETAIL_ID,BP_CD,R_COST,RJ_PURCHASE_PRICE,RJ_DIVIDING_PRICE,MOTHER_STORE_PRICE,TAX_FLAG,IFS_LINKAGE_FLG) values (177,to_timestamp('18-12-28 10:51:35.879000000','RR-MM-DD HH24:MI:SSXFF'),'COTOS_BATCH_USER',null,null,0,4,200,'RICOH カンタンストレージ活用 for Box 年額契約','311267','1','3',18000,177,null,16200,15390,13851,12465,null,0);
Insert into CUSTOMER_CONTRACT (ID,CREATED_AT,CREATED_USER_ID,UPDATED_AT,UPDATED_USER_ID,VERSION,MOM_KJB_SYSTEM_ID,MOM_CUST_ID,COMPANY_ID,OFFICE_ID,DEPARTMENT_DIV,CUSTOMER_NAME,COMPANY_NAME,COMPANY_NAME_KANA,OFFICE_NAME,DEPARTMENT_NAME,POST_NUMBER,ADDRESS,PHONE_NUMBER,FAX_NUMBER,COMPANY_REPRESENTATIVE_NAME,COMPANY_REPRESENTATIVE_NAME_KANA,PIC_NAME,PIC_NAME_KANA,PIC_DEPT_NAME,PIC_PHONE_NUMBER,PIC_FAX_NUMBER,PIC_MAIL_ADDRESS,CONTRACT_ID,NETRICOH_ACCOUNT,SETUP_CORP_NM,SETUP_POST_CD,SETUP_ADDR,SETUP_TEL) values (140,to_timestamp('18-12-28 10:51:35.405000000','RR-MM-DD HH24:MI:SSXFF'),'COTOS_BATCH_USER',null,null,0,'000000012647659','000000007511725','000000004890609','000000001269962','2','契約者forCSP1','企業forCSP1',null,'事業所forCSP1',null,'107-00001','東京都港区赤坂forCSP1',null,null,null,null,'担当者 テスト1',null,null,'03-3568-xx01',null,'Mail_forCSP1',140,'nr00000001',null,null,null,null);
Insert into CUSTOMER_CONTRACT (ID,CREATED_AT,CREATED_USER_ID,UPDATED_AT,UPDATED_USER_ID,VERSION,MOM_KJB_SYSTEM_ID,MOM_CUST_ID,COMPANY_ID,OFFICE_ID,DEPARTMENT_DIV,CUSTOMER_NAME,COMPANY_NAME,COMPANY_NAME_KANA,OFFICE_NAME,DEPARTMENT_NAME,POST_NUMBER,ADDRESS,PHONE_NUMBER,FAX_NUMBER,COMPANY_REPRESENTATIVE_NAME,COMPANY_REPRESENTATIVE_NAME_KANA,PIC_NAME,PIC_NAME_KANA,PIC_DEPT_NAME,PIC_PHONE_NUMBER,PIC_FAX_NUMBER,PIC_MAIL_ADDRESS,CONTRACT_ID,NETRICOH_ACCOUNT,SETUP_CORP_NM,SETUP_POST_CD,SETUP_ADDR,SETUP_TEL) values (141,to_timestamp('18-12-28 10:51:35.559000000','RR-MM-DD HH24:MI:SSXFF'),'COTOS_BATCH_USER',null,null,0,'000000009468048','000000008242312','000000004150833','000000001269962','2','契約者forCSP9','企業forCSP9',null,'事業所forCSP9',null,'107-00009','東京都港区赤坂forCSP9',null,null,null,null,'担当者 テスト2',null,null,'03-3568-xx09',null,'Mail_forCSP9',141,'nr00000009',null,null,null,null);
Insert into CUSTOMER_CONTRACT (ID,CREATED_AT,CREATED_USER_ID,UPDATED_AT,UPDATED_USER_ID,VERSION,MOM_KJB_SYSTEM_ID,MOM_CUST_ID,COMPANY_ID,OFFICE_ID,DEPARTMENT_DIV,CUSTOMER_NAME,COMPANY_NAME,COMPANY_NAME_KANA,OFFICE_NAME,DEPARTMENT_NAME,POST_NUMBER,ADDRESS,PHONE_NUMBER,FAX_NUMBER,COMPANY_REPRESENTATIVE_NAME,COMPANY_REPRESENTATIVE_NAME_KANA,PIC_NAME,PIC_NAME_KANA,PIC_DEPT_NAME,PIC_PHONE_NUMBER,PIC_FAX_NUMBER,PIC_MAIL_ADDRESS,CONTRACT_ID,NETRICOH_ACCOUNT,SETUP_CORP_NM,SETUP_POST_CD,SETUP_ADDR,SETUP_TEL) values (142,to_timestamp('18-12-28 10:51:35.655000000','RR-MM-DD HH24:MI:SSXFF'),'COTOS_BATCH_USER',null,null,0,'000000009468048','000000008242312','000000004150833','000000001269962','2','契約者forCSP9','企業forCSP9-変更',null,'事業所forCSP9',null,'107-00009','東京都港区赤坂forCSP9',null,null,null,null,'担当者 テスト3',null,null,'03-3568-xx09',null,'Mail_forCSP9',142,'nr00000009',null,null,null,null);
Insert into CUSTOMER_CONTRACT (ID,CREATED_AT,CREATED_USER_ID,UPDATED_AT,UPDATED_USER_ID,VERSION,MOM_KJB_SYSTEM_ID,MOM_CUST_ID,COMPANY_ID,OFFICE_ID,DEPARTMENT_DIV,CUSTOMER_NAME,COMPANY_NAME,COMPANY_NAME_KANA,OFFICE_NAME,DEPARTMENT_NAME,POST_NUMBER,ADDRESS,PHONE_NUMBER,FAX_NUMBER,COMPANY_REPRESENTATIVE_NAME,COMPANY_REPRESENTATIVE_NAME_KANA,PIC_NAME,PIC_NAME_KANA,PIC_DEPT_NAME,PIC_PHONE_NUMBER,PIC_FAX_NUMBER,PIC_MAIL_ADDRESS,CONTRACT_ID,NETRICOH_ACCOUNT,SETUP_CORP_NM,SETUP_POST_CD,SETUP_ADDR,SETUP_TEL) values (143,to_timestamp('18-12-28 10:51:35.720000000','RR-MM-DD HH24:MI:SSXFF'),'COTOS_BATCH_USER',null,null,0,'000000009468048','000000008242312','000000004150833','000000001269962','2','契約者forCSP9','企業forCSP9-変更',null,'事業所foCSP9',null,'107-00009','東京都港区赤坂forCSP9',null,null,null,null,'担当者 テスト4',null,null,'03-3568-xx09',null,'Mail_forCSP9',143,'nr00000009',null,null,null,null);
Insert into CUSTOMER_CONTRACT (ID,CREATED_AT,CREATED_USER_ID,UPDATED_AT,UPDATED_USER_ID,VERSION,MOM_KJB_SYSTEM_ID,MOM_CUST_ID,COMPANY_ID,OFFICE_ID,DEPARTMENT_DIV,CUSTOMER_NAME,COMPANY_NAME,COMPANY_NAME_KANA,OFFICE_NAME,DEPARTMENT_NAME,POST_NUMBER,ADDRESS,PHONE_NUMBER,FAX_NUMBER,COMPANY_REPRESENTATIVE_NAME,COMPANY_REPRESENTATIVE_NAME_KANA,PIC_NAME,PIC_NAME_KANA,PIC_DEPT_NAME,PIC_PHONE_NUMBER,PIC_FAX_NUMBER,PIC_MAIL_ADDRESS,CONTRACT_ID,NETRICOH_ACCOUNT,SETUP_CORP_NM,SETUP_POST_CD,SETUP_ADDR,SETUP_TEL) values (144,to_timestamp('18-12-28 10:51:35.867000000','RR-MM-DD HH24:MI:SSXFF'),'COTOS_BATCH_USER',null,null,0,'000000009468048','000000008242312','000000004150833','000000001269962','2','契約者forCSP139','企業forCSP139',null,'事業所forCSP139',null,'107-00139','東京都港区赤坂forCSP39',null,null,null,null,'担当者 テスト5',null,null,'03-3568-x139',null,'Mail_forCSP139',144,'nr00000139',null,null,null,null);
Insert into CUSTOMER_CONTRACT (ID,CREATED_AT,CREATED_USER_ID,UPDATED_AT,UPDATED_USER_ID,VERSION,MOM_KJB_SYSTEM_ID,MOM_CUST_ID,COMPANY_ID,OFFICE_ID,DEPARTMENT_DIV,CUSTOMER_NAME,COMPANY_NAME,COMPANY_NAME_KANA,OFFICE_NAME,DEPARTMENT_NAME,POST_NUMBER,ADDRESS,PHONE_NUMBER,FAX_NUMBER,COMPANY_REPRESENTATIVE_NAME,COMPANY_REPRESENTATIVE_NAME_KANA,PIC_NAME,PIC_NAME_KANA,PIC_DEPT_NAME,PIC_PHONE_NUMBER,PIC_FAX_NUMBER,PIC_MAIL_ADDRESS,CONTRACT_ID,NETRICOH_ACCOUNT,SETUP_CORP_NM,SETUP_POST_CD,SETUP_ADDR,SETUP_TEL) values (145,to_timestamp('18-12-28 10:51:35.867000000','RR-MM-DD HH24:MI:SSXFF'),'COTOS_BATCH_USER',null,null,0,'000000009468048','000000008242312','000000004150833','000000001269962','2','契約者forCSP139','企業forCSP139',null,'事業所forCSP139',null,'107-00139','東京都港区赤坂forCSP39',null,null,null,null,'担当者 テスト6',null,null,'03-3568-x139',null,'Mail_forCSP139',145,'nr00000139',null,null,null,null);
Insert into CONTRACT_EQUIPMENT (ID,CREATED_AT,CREATED_USER_ID,UPDATED_AT,UPDATED_USER_ID,VERSION,EQUIPMENT_CODE,EQUIPMENT_NO,BODY_FLG,SERVICE_MACHINE_FLG,INSTALLATION_DATE,PURCHASE_FORM,DELIVERY_FORM,MAINTENANCE_FORM,DELIVERY_MACHINE_DIV,MAINTENANCE_NOTE_KANA,ISYSONE_PROC_STATUS,ISYSONE_LINKAGE_AT,CONTRACT_ID,INSPECTION_MONTH,INSPECTION_MONTH_YEAR_WORTH) VALUES (1,'2018/09/19 12:09:10','COTOS','2018/09/19 12:09:10','COTOS',1,'機種コード3','機番1',1,1,'2018/09/19','購入形態1','納入形態1','保守形態1','納入機器区分1','ﾒﾝﾃﾉﾁｭｳｲｶﾅ1','0','2018/09/19 12:09:10',140,'点検診断月指定1','点検診断月(12ヶ月分)1');
Insert into CONTRACT_EQUIPMENT (ID,CREATED_AT,CREATED_USER_ID,UPDATED_AT,UPDATED_USER_ID,VERSION,EQUIPMENT_CODE,EQUIPMENT_NO,BODY_FLG,SERVICE_MACHINE_FLG,INSTALLATION_DATE,PURCHASE_FORM,DELIVERY_FORM,MAINTENANCE_FORM,DELIVERY_MACHINE_DIV,MAINTENANCE_NOTE_KANA,ISYSONE_PROC_STATUS,ISYSONE_LINKAGE_AT,CONTRACT_ID,INSPECTION_MONTH,INSPECTION_MONTH_YEAR_WORTH) VALUES (2,'2018/09/19 12:09:10','COTOS','2018/09/19 12:09:10','COTOS',1,'機種コード4','機番2',1,1,'2018/09/19','購入形態2','納入形態2','保守形態2','納入機器区分2','ﾒﾝﾃﾉﾁｭｳｲｶﾅ2','1','2018/09/19 12:09:10',141,'点検診断月指定1','点検診断月(12ヶ月分)2');
Insert into CONTRACT_EQUIPMENT (ID,CREATED_AT,CREATED_USER_ID,UPDATED_AT,UPDATED_USER_ID,VERSION,EQUIPMENT_CODE,EQUIPMENT_NO,BODY_FLG,SERVICE_MACHINE_FLG,INSTALLATION_DATE,PURCHASE_FORM,DELIVERY_FORM,MAINTENANCE_FORM,DELIVERY_MACHINE_DIV,MAINTENANCE_NOTE_KANA,ISYSONE_PROC_STATUS,ISYSONE_LINKAGE_AT,CONTRACT_ID,INSPECTION_MONTH,INSPECTION_MONTH_YEAR_WORTH) VALUES (3,'2018/09/19 12:09:10','COTOS','2018/09/19 12:09:10','COTOS',1,'機種コード5','機番3',1,1,'2018/09/19','購入形態3','納入形態3','保守形態3','納入機器区分3','ﾒﾝﾃﾉﾁｭｳｲｶﾅ3','2','2018/09/19 12:09:10',142,'点検診断月指定1','点検診断月(12ヶ月分)3');
Insert into CONTRACT_EQUIPMENT (ID,CREATED_AT,CREATED_USER_ID,UPDATED_AT,UPDATED_USER_ID,VERSION,EQUIPMENT_CODE,EQUIPMENT_NO,BODY_FLG,SERVICE_MACHINE_FLG,INSTALLATION_DATE,PURCHASE_FORM,DELIVERY_FORM,MAINTENANCE_FORM,DELIVERY_MACHINE_DIV,MAINTENANCE_NOTE_KANA,ISYSONE_PROC_STATUS,ISYSONE_LINKAGE_AT,CONTRACT_ID,INSPECTION_MONTH,INSPECTION_MONTH_YEAR_WORTH) VALUES (4,'2018/09/19 12:09:10','COTOS','2018/09/19 12:09:10','COTOS',1,'機種コード6','機番4',1,1,'2018/09/19','購入形態1','納入形態1','保守形態1','納入機器区分1','ﾒﾝﾃﾉﾁｭｳｲｶﾅ1','0','2018/09/19 12:09:10',143,'点検診断月指定1','点検診断月(12ヶ月分)1');
Insert into CONTRACT_EQUIPMENT (ID,CREATED_AT,CREATED_USER_ID,UPDATED_AT,UPDATED_USER_ID,VERSION,EQUIPMENT_CODE,EQUIPMENT_NO,BODY_FLG,SERVICE_MACHINE_FLG,INSTALLATION_DATE,PURCHASE_FORM,DELIVERY_FORM,MAINTENANCE_FORM,DELIVERY_MACHINE_DIV,MAINTENANCE_NOTE_KANA,ISYSONE_PROC_STATUS,ISYSONE_LINKAGE_AT,CONTRACT_ID,INSPECTION_MONTH,INSPECTION_MONTH_YEAR_WORTH) VALUES (5,'2018/09/19 12:09:10','COTOS','2018/09/19 12:09:10','COTOS',1,'機種コード8','機番5',1,1,'2018/09/19','購入形態2','納入形態2','保守形態2','納入機器区分2','ﾒﾝﾃﾉﾁｭｳｲｶﾅ2','1','2018/09/19 12:09:10',144,'点検診断月指定1','点検診断月(12ヶ月分)2');
Insert into CONTRACT_EQUIPMENT (ID,CREATED_AT,CREATED_USER_ID,UPDATED_AT,UPDATED_USER_ID,VERSION,EQUIPMENT_CODE,EQUIPMENT_NO,BODY_FLG,SERVICE_MACHINE_FLG,INSTALLATION_DATE,PURCHASE_FORM,DELIVERY_FORM,MAINTENANCE_FORM,DELIVERY_MACHINE_DIV,MAINTENANCE_NOTE_KANA,ISYSONE_PROC_STATUS,ISYSONE_LINKAGE_AT,CONTRACT_ID,INSPECTION_MONTH,INSPECTION_MONTH_YEAR_WORTH) VALUES (6,'2018/09/19 12:09:10','COTOS','2018/09/19 12:09:10','COTOS',1,'機種コード9','機番6',1,1,'2018/09/19','購入形態3','納入形態3','保守形態3','納入機器区分3','ﾒﾝﾃﾉﾁｭｳｲｶﾅ3','2','2018/09/19 12:09:10',145,'点検診断月指定1','点検診断月(12ヶ月分)3');