Insert into CONTRACT (ID,CREATED_AT,CREATED_USER_ID,UPDATED_AT,UPDATED_USER_ID,VERSION,CONTRACT_TYPE,PRODUCT_GRP_MASTER_ID,LIFECYCLE_STATUS,WORKFLOW_STATUS,IMMUTABLE_CONT_IDENT_NUMBER,CASE_NUMBER,CASE_TITLE,CONTRACT_NUMBER,CONTRACT_BRANCH_NUMBER,CONTRACT_TITLE,ORIGIN_CONTRACT_NUMBER,ORIGIN_CONTRACT_BRANCH_NUMBER,ORIGIN_CONTRACT_ID,CHANGE_PREFERRED_DATE,CONTRACT_DATE,ACCOUNT_SALES_FLG,BILLING_DATE,SERVICE_TERM_START,SERVICE_TERM_END,CANCEL_SCHEDULED_DATE,ESTIMATION_NUMBER,ESTIMATION_BRANCH_NUMBER,ESTIMATION_ID,ESTIMATION_TITLE,COMMERCIAL_FLOW_DIV,ISSUE_FORMAT,BILLING_CUSTOMER_SP_CODE,BILLING_CUSTOMER_SP_NAME,PAYMENT_TERMS,PAYMENT_METHOD,CANCEL_REASON,CANCEL_REASON_ETC,WEB_ORDER_NUMBER,RJ_MANAGE_NUMBER,BILLING_START_DATE,IFS_LINKAGE_CSV_CREATE_STATUS) values (140,to_timestamp('18-12-28 10:51:35.402000000','RR-MM-DD HH24:MI:SSXFF'),'COTOS_BATCH_USER',to_timestamp('18-12-28 10:51:35.672000000','RR-MM-DD HH24:MI:SSXFF'),'COTOS_BATCH_USER',0,'4',100,'6','7','CIC201812280140',null,null,'CC2018122800140',1,'RICOH Smart Integretion',null,null,null,null,to_date('18-11-16','RR-MM-DD'),1,null,to_date('18-11-16','RR-MM-DD'),to_date('19-11-16', 'RR-MM-DD'),to_date('20-11-16','RR-MM-DD'),null,null,null,null,'1',null,'73398917',null,null,null,null,null,'RSIC000001','RKOR000001',to_date('18-11-17','RR-MM-DD'),'0');
Insert into CONTRACT (ID,CREATED_AT,CREATED_USER_ID,UPDATED_AT,UPDATED_USER_ID,VERSION,CONTRACT_TYPE,PRODUCT_GRP_MASTER_ID,LIFECYCLE_STATUS,WORKFLOW_STATUS,IMMUTABLE_CONT_IDENT_NUMBER,CASE_NUMBER,CASE_TITLE,CONTRACT_NUMBER,CONTRACT_BRANCH_NUMBER,CONTRACT_TITLE,ORIGIN_CONTRACT_NUMBER,ORIGIN_CONTRACT_BRANCH_NUMBER,ORIGIN_CONTRACT_ID,CHANGE_PREFERRED_DATE,CONTRACT_DATE,ACCOUNT_SALES_FLG,BILLING_DATE,SERVICE_TERM_START,SERVICE_TERM_END,CANCEL_SCHEDULED_DATE,ESTIMATION_NUMBER,ESTIMATION_BRANCH_NUMBER,ESTIMATION_ID,ESTIMATION_TITLE,COMMERCIAL_FLOW_DIV,ISSUE_FORMAT,BILLING_CUSTOMER_SP_CODE,BILLING_CUSTOMER_SP_NAME,PAYMENT_TERMS,PAYMENT_METHOD,CANCEL_REASON,CANCEL_REASON_ETC,WEB_ORDER_NUMBER,RJ_MANAGE_NUMBER,BILLING_START_DATE,IFS_LINKAGE_CSV_CREATE_STATUS) values (141,to_timestamp('18-12-28 10:51:35.559000000','RR-MM-DD HH24:MI:SSXFF'),'COTOS_BATCH_USER',to_timestamp('18-12-28 10:51:35.672000000','RR-MM-DD HH24:MI:SSXFF'),'COTOS_BATCH_USER',1,'4',100,'6','7','CIC201812280141',null,null,'CC2018122800141',1,'RICOH Smart Integretion',null,null,null,null,to_date('18-11-16','RR-MM-DD'),1,null,to_date('18-11-16','RR-MM-DD'),to_date('19-11-16', 'RR-MM-DD'),to_date('20-11-16','RR-MM-DD'),null,null,null,null,'3',null,'73398917',null,null,null,null,null,'RSIC000009','RKOR000009',to_date('18-11-17','RR-MM-DD'),'0');
Insert into CONTRACT (ID,CREATED_AT,CREATED_USER_ID,UPDATED_AT,UPDATED_USER_ID,VERSION,CONTRACT_TYPE,PRODUCT_GRP_MASTER_ID,LIFECYCLE_STATUS,WORKFLOW_STATUS,IMMUTABLE_CONT_IDENT_NUMBER,CASE_NUMBER,CASE_TITLE,CONTRACT_NUMBER,CONTRACT_BRANCH_NUMBER,CONTRACT_TITLE,ORIGIN_CONTRACT_NUMBER,ORIGIN_CONTRACT_BRANCH_NUMBER,ORIGIN_CONTRACT_ID,CHANGE_PREFERRED_DATE,CONTRACT_DATE,ACCOUNT_SALES_FLG,BILLING_DATE,SERVICE_TERM_START,SERVICE_TERM_END,CANCEL_SCHEDULED_DATE,ESTIMATION_NUMBER,ESTIMATION_BRANCH_NUMBER,ESTIMATION_ID,ESTIMATION_TITLE,COMMERCIAL_FLOW_DIV,ISSUE_FORMAT,BILLING_CUSTOMER_SP_CODE,BILLING_CUSTOMER_SP_NAME,PAYMENT_TERMS,PAYMENT_METHOD,CANCEL_REASON,CANCEL_REASON_ETC,WEB_ORDER_NUMBER,RJ_MANAGE_NUMBER,BILLING_START_DATE,IFS_LINKAGE_CSV_CREATE_STATUS) values (142,to_timestamp('18-12-28 10:51:35.654000000','RR-MM-DD HH24:MI:SSXFF'),'COTOS_BATCH_USER',to_timestamp('18-12-28 10:51:35.739000000','RR-MM-DD HH24:MI:SSXFF'),'COTOS_BATCH_USER',1,'4',100,'6','3','CIC201812280141',null,null,'CC2018122800142',1,'RICOH Smart Integretion','CC2018122800141',1,141,null,to_date('18-11-16','RR-MM-DD'),1,null,to_date('18-11-16','RR-MM-DD'),to_date('19-11-16', 'RR-MM-DD'),to_date('20-11-16','RR-MM-DD'),null,null,null,null,'3',null,'73398917',null,null,null,null,null,'RSIC000010','RKOR000009',to_date('18-11-17','RR-MM-DD'),'0');
Insert into CONTRACT (ID,CREATED_AT,CREATED_USER_ID,UPDATED_AT,UPDATED_USER_ID,VERSION,CONTRACT_TYPE,PRODUCT_GRP_MASTER_ID,LIFECYCLE_STATUS,WORKFLOW_STATUS,IMMUTABLE_CONT_IDENT_NUMBER,CASE_NUMBER,CASE_TITLE,CONTRACT_NUMBER,CONTRACT_BRANCH_NUMBER,CONTRACT_TITLE,ORIGIN_CONTRACT_NUMBER,ORIGIN_CONTRACT_BRANCH_NUMBER,ORIGIN_CONTRACT_ID,CHANGE_PREFERRED_DATE,CONTRACT_DATE,ACCOUNT_SALES_FLG,BILLING_DATE,SERVICE_TERM_START,SERVICE_TERM_END,CANCEL_SCHEDULED_DATE,ESTIMATION_NUMBER,ESTIMATION_BRANCH_NUMBER,ESTIMATION_ID,ESTIMATION_TITLE,COMMERCIAL_FLOW_DIV,ISSUE_FORMAT,BILLING_CUSTOMER_SP_CODE,BILLING_CUSTOMER_SP_NAME,PAYMENT_TERMS,PAYMENT_METHOD,CANCEL_REASON,CANCEL_REASON_ETC,WEB_ORDER_NUMBER,RJ_MANAGE_NUMBER,BILLING_START_DATE,IFS_LINKAGE_CSV_CREATE_STATUS) values (143,to_timestamp('18-12-28 10:51:35.719000000','RR-MM-DD HH24:MI:SSXFF'),'COTOS_BATCH_USER',to_timestamp('18-12-28 10:51:35.802000000','RR-MM-DD HH24:MI:SSXFF'),'COTOS_BATCH_USER',1,'4',100,'6','3','CIC201812280141',null,null,'CC2018122800143',1,'RICOH Smart Integretion','CC2018122800142',1,142,null,to_date('18-11-16','RR-MM-DD'),1,null,to_date('18-11-16','RR-MM-DD'),to_date('19-11-16', 'RR-MM-DD'),to_date('20-11-16','RR-MM-DD'),null,null,null,null,'3',null,'73398917',null,null,null,null,'RSIC000012','RSIC000011','RKOR000009',to_date('18-11-17','RR-MM-DD'),'0');
Insert into CONTRACT (ID,CREATED_AT,CREATED_USER_ID,UPDATED_AT,UPDATED_USER_ID,VERSION,CONTRACT_TYPE,PRODUCT_GRP_MASTER_ID,LIFECYCLE_STATUS,WORKFLOW_STATUS,IMMUTABLE_CONT_IDENT_NUMBER,CASE_NUMBER,CASE_TITLE,CONTRACT_NUMBER,CONTRACT_BRANCH_NUMBER,CONTRACT_TITLE,ORIGIN_CONTRACT_NUMBER,ORIGIN_CONTRACT_BRANCH_NUMBER,ORIGIN_CONTRACT_ID,CHANGE_PREFERRED_DATE,CONTRACT_DATE,ACCOUNT_SALES_FLG,BILLING_DATE,SERVICE_TERM_START,SERVICE_TERM_END,CANCEL_SCHEDULED_DATE,ESTIMATION_NUMBER,ESTIMATION_BRANCH_NUMBER,ESTIMATION_ID,ESTIMATION_TITLE,COMMERCIAL_FLOW_DIV,ISSUE_FORMAT,BILLING_CUSTOMER_SP_CODE,BILLING_CUSTOMER_SP_NAME,PAYMENT_TERMS,PAYMENT_METHOD,CANCEL_REASON,CANCEL_REASON_ETC,WEB_ORDER_NUMBER,RJ_MANAGE_NUMBER,BILLING_START_DATE,IFS_LINKAGE_CSV_CREATE_STATUS) values (144,to_timestamp('18-12-28 10:51:35.866000000','RR-MM-DD HH24:MI:SSXFF'),'COTOS_BATCH_USER',to_timestamp('18-12-28 10:51:35.672000000','RR-MM-DD HH24:MI:SSXFF'),'COTOS_BATCH_USER',0,'4',100,'6','7','CIC201812280142',null,null,'CC2018122800144',1,'RICOH Smart Integretion',null,null,null,null,to_date('18-11-16','RR-MM-DD'),1,null,to_date('18-11-16','RR-MM-DD'),null,to_date('20-11-16','RR-MM-DD'),null,null,null,null,'2',null,'73398917',null,null,null,null,null,'RSIC000139','RKOR000139',to_date('18-11-17','RR-MM-DD'),'0');
Insert into CONTRACT (ID,CREATED_AT,CREATED_USER_ID,UPDATED_AT,UPDATED_USER_ID,VERSION,CONTRACT_TYPE,PRODUCT_GRP_MASTER_ID,LIFECYCLE_STATUS,WORKFLOW_STATUS,IMMUTABLE_CONT_IDENT_NUMBER,CASE_NUMBER,CASE_TITLE,CONTRACT_NUMBER,CONTRACT_BRANCH_NUMBER,CONTRACT_TITLE,ORIGIN_CONTRACT_NUMBER,ORIGIN_CONTRACT_BRANCH_NUMBER,ORIGIN_CONTRACT_ID,CHANGE_PREFERRED_DATE,CONTRACT_DATE,ACCOUNT_SALES_FLG,BILLING_DATE,SERVICE_TERM_START,SERVICE_TERM_END,CANCEL_SCHEDULED_DATE,ESTIMATION_NUMBER,ESTIMATION_BRANCH_NUMBER,ESTIMATION_ID,ESTIMATION_TITLE,COMMERCIAL_FLOW_DIV,ISSUE_FORMAT,BILLING_CUSTOMER_SP_CODE,BILLING_CUSTOMER_SP_NAME,PAYMENT_TERMS,PAYMENT_METHOD,CANCEL_REASON,CANCEL_REASON_ETC,WEB_ORDER_NUMBER,RJ_MANAGE_NUMBER,BILLING_START_DATE,IFS_LINKAGE_CSV_CREATE_STATUS) values (145,to_timestamp('18-12-28 10:51:35.866000000','RR-MM-DD HH24:MI:SSXFF'),'COTOS_BATCH_USER',to_timestamp('18-12-28 10:51:35.672000000','RR-MM-DD HH24:MI:SSXFF'),'COTOS_BATCH_USER',0,'4',100,'6','7','CIC201812280143',null,null,'CC2018122800145',1,'RICOH Smart Integretion',null,null,null,null,to_date('18-11-16','RR-MM-DD'),1,null,to_date('18-11-16','RR-MM-DD'),null,to_date('20-11-16','RR-MM-DD'),null,null,null,null,'2',null,'73398917',null,null,null,null,null,'RSIC000139','RKOR000139',to_date('18-11-17','RR-MM-DD'),'0');
Insert into CONTRACT (ID,CREATED_AT,CREATED_USER_ID,UPDATED_AT,UPDATED_USER_ID,VERSION,CONTRACT_TYPE,PRODUCT_GRP_MASTER_ID,LIFECYCLE_STATUS,WORKFLOW_STATUS,IMMUTABLE_CONT_IDENT_NUMBER,CASE_NUMBER,CASE_TITLE,CONTRACT_NUMBER,CONTRACT_BRANCH_NUMBER,CONTRACT_TITLE,ORIGIN_CONTRACT_NUMBER,ORIGIN_CONTRACT_BRANCH_NUMBER,ORIGIN_CONTRACT_ID,CHANGE_PREFERRED_DATE,CONTRACT_DATE,ACCOUNT_SALES_FLG,BILLING_DATE,SERVICE_TERM_START,SERVICE_TERM_END,CANCEL_SCHEDULED_DATE,ESTIMATION_NUMBER,ESTIMATION_BRANCH_NUMBER,ESTIMATION_ID,ESTIMATION_TITLE,COMMERCIAL_FLOW_DIV,ISSUE_FORMAT,BILLING_CUSTOMER_SP_CODE,BILLING_CUSTOMER_SP_NAME,PAYMENT_TERMS,PAYMENT_METHOD,CANCEL_REASON,CANCEL_REASON_ETC,WEB_ORDER_NUMBER,RJ_MANAGE_NUMBER,BILLING_START_DATE,IFS_LINKAGE_CSV_CREATE_STATUS) values (146,to_timestamp('18-12-28 10:51:35.866000000','RR-MM-DD HH24:MI:SSXFF'),'COTOS_BATCH_USER',to_timestamp('18-12-28 10:51:35.672000000','RR-MM-DD HH24:MI:SSXFF'),'COTOS_BATCH_USER',0,'4',100,'6','7','CIC201812280144',null,null,'CC2018122800146',1,'RICOH Smart Integretion',null,null,null,null,to_date('18-11-16','RR-MM-DD'),1,null,to_date('18-11-16','RR-MM-DD'),null,to_date('20-11-16','RR-MM-DD'),null,null,null,null,'2',null,'73398917',null,null,null,null,null,'RSIC000139','RKOR000139',to_date('18-11-17','RR-MM-DD'),'0');
Insert into PRODUCT_CONTRACT (ID,CREATED_AT,CREATED_USER_ID,UPDATED_AT,UPDATED_USER_ID,VERSION,PRODUCT_MASTER_ID,PRODUCT_CONTRACT_NAME,REP_ITEM_MASTER_ID,SERVICE_IDENT_NUMBER,CONTRACT_ID,EXTENDS_PARAMETER_ITERANCE) values (140,to_timestamp('18-12-28 10:51:35.469000000','RR-MM-DD HH24:MI:SSXFF'),'COTOS_BATCH_USER',null,null,0,300,'SIM',null,'CS2018122800140',140,'{"extendsParameterList":[{"id":1,"contractType":"有償交換","productCode":"SI0001","productName":"データSIM Type-C 2GB","lineNumber":"","serialNumber":"","device":"dummy_device_140","invoiceNumber":""}]}');
Insert into PRODUCT_CONTRACT (ID,CREATED_AT,CREATED_USER_ID,UPDATED_AT,UPDATED_USER_ID,VERSION,PRODUCT_MASTER_ID,PRODUCT_CONTRACT_NAME,REP_ITEM_MASTER_ID,SERVICE_IDENT_NUMBER,CONTRACT_ID,EXTENDS_PARAMETER_ITERANCE) values (141,to_timestamp('18-12-28 10:51:35.586000000','RR-MM-DD HH24:MI:SSXFF'),'COTOS_BATCH_USER',null,null,0,300,'SIM',null,'CS2018122800141',141,'{"extendsParameterList":[{"id":1,"contractType":"有償交換","productCode":"SI0002","productName":"データSIM Type-C 5GB","lineNumber":"dummy_line_number_141_1","serialNumber":"dummy_serial_number_141_1","device":"dummy_device_141_1","invoiceNumber":""},{"id":2,"contractType":"有償交換","productCode":"SI0002","productName":"データSIM Type-C 5GB","lineNumber":"dummy_line_number_141_2","serialNumber":"dummy_serial_number_141_2","device":"dummy_device_141_2","invoiceNumber":""},{"id":3,"contractType":"有償交換","productCode":"SI0002","productName":"データSIM Type-C 5GB","lineNumber":"dummy_line_number_141_3","serialNumber":"dummy_serial_number_141_3","device":"dummy_device_141_3","invoiceNumber":""},{"id":4,"contractType":"有償交換","productCode":"SI0002","productName":"データSIM Type-C 5GB","lineNumber":"dummy_line_number_141_4","serialNumber":"dummy_serial_number_141_4","device":"dummy_device_141_4","invoiceNumber":""},{"id":5,"contractType":"有償交換","productCode":"SI0002","productName":"データSIM Type-C 5GB","lineNumber":"dummy_line_number_141_5","serialNumber":"dummy_serial_number_141_5","device":"dummy_device_141_5","invoiceNumber":""},{"id":6,"contractType":"有償交換","productCode":"SI0002","productName":"データSIM Type-C 5GB","lineNumber":"dummy_line_number_141_6","serialNumber":"dummy_serial_number_141_6","device":"dummy_device_141_6","invoiceNumber":""},{"id":7,"contractType":"有償交換","productCode":"SI0002","productName":"データSIM Type-C 5GB","lineNumber":"dummy_line_number_141_7","serialNumber":"dummy_serial_number_141_7","device":"dummy_device_141_7","invoiceNumber":""},{"id":8,"contractType":"有償交換","productCode":"SI0002","productName":"データSIM Type-C 5GB","lineNumber":"dummy_line_number_141_8","serialNumber":"dummy_serial_number_141_8","device":"dummy_device_141_8","invoiceNumber":""},{"id":9,"contractType":"有償交換","productCode":"SI0002","productName":"データSIM Type-C 5GB","lineNumber":"dummy_line_number_141_9","serialNumber":"dummy_serial_number_141_9","device":"dummy_device_141_9","invoiceNumber":""}]}');
Insert into PRODUCT_CONTRACT (ID,CREATED_AT,CREATED_USER_ID,UPDATED_AT,UPDATED_USER_ID,VERSION,PRODUCT_MASTER_ID,PRODUCT_CONTRACT_NAME,REP_ITEM_MASTER_ID,SERVICE_IDENT_NUMBER,CONTRACT_ID,EXTENDS_PARAMETER_ITERANCE) values (142,to_timestamp('18-12-28 10:51:35.671000000','RR-MM-DD HH24:MI:SSXFF'),'COTOS_BATCH_USER',null,null,0,300,'SIM',null,'CS2018122800142',142,'{"extendsParameterList":[{"id":1,"contractType":"有償交換","productCode":"SI0002","productName":"データSIM Type-C 5GB","lineNumber":"dummy_line_number_142_1","serialNumber":"dummy_serial_number_142_1","device":"dummy_device_142_1","invoiceNumber":""},{"id":2,"contractType":"有償交換","productCode":"SI0002","productName":"データSIM Type-C 5GB","lineNumber":"dummy_line_number_142_2","serialNumber":"dummy_serial_number_142_2","device":"dummy_device_142_2","invoiceNumber":""},{"id":3,"contractType":"有償交換","productCode":"SI0002","productName":"データSIM Type-C 5GB","lineNumber":"dummy_line_number_142_3","serialNumber":"dummy_serial_number_142_3","device":"dummy_device_142_3","invoiceNumber":""},{"id":4,"contractType":"有償交換","productCode":"SI0002","productName":"データSIM Type-C 5GB","lineNumber":"dummy_line_number_142_4","serialNumber":"dummy_serial_number_142_4","device":"dummy_device_142_4","invoiceNumber":""},{"id":5,"contractType":"有償交換","productCode":"SI0002","productName":"データSIM Type-C 5GB","lineNumber":"dummy_line_number_142_5","serialNumber":"dummy_serial_number_142_5","device":"dummy_device_142_5","invoiceNumber":""},{"id":6,"contractType":"有償交換","productCode":"SI0002","productName":"データSIM Type-C 5GB","lineNumber":"dummy_line_number_142_6","serialNumber":"dummy_serial_number_142_6","device":"dummy_device_142_6","invoiceNumber":""},{"id":7,"contractType":"有償交換","productCode":"SI0002","productName":"データSIM Type-C 5GB","lineNumber":"dummy_line_number_142_7","serialNumber":"dummy_serial_number_142_7","device":"dummy_device_142_7","invoiceNumber":""},{"id":8,"contractType":"有償交換","productCode":"SI0002","productName":"データSIM Type-C 5GB","lineNumber":"dummy_line_number_142_8","serialNumber":"dummy_serial_number_142_8","device":"dummy_device_142_8","invoiceNumber":""},{"id":9,"contractType":"有償交換","productCode":"SI0002","productName":"データSIM Type-C 5GB","lineNumber":"dummy_line_number_142_9","serialNumber":"dummy_serial_number_142_9","device":"dummy_device_142_9","invoiceNumber":""}]}');
Insert into PRODUCT_CONTRACT (ID,CREATED_AT,CREATED_USER_ID,UPDATED_AT,UPDATED_USER_ID,VERSION,PRODUCT_MASTER_ID,PRODUCT_CONTRACT_NAME,REP_ITEM_MASTER_ID,SERVICE_IDENT_NUMBER,CONTRACT_ID,EXTENDS_PARAMETER_ITERANCE) values (143,to_timestamp('18-12-28 10:51:35.737000000','RR-MM-DD HH24:MI:SSXFF'),'COTOS_BATCH_USER',null,null,0,300,'SIM',null,'CS2018122800143',143,'{"extendsParameterList":[{"id":1,"contractType":"有償交換","productCode":"SI0002","productName":"データSIM Type-C 5GB","lineNumber":"dummy_line_number_143_1","serialNumber":"dummy_serial_number_143_1","device":"dummy_device_143_1","invoiceNumber":""},{"id":2,"contractType":"有償交換","productCode":"SI0002","productName":"データSIM Type-C 5GB","lineNumber":"dummy_line_number_143_2","serialNumber":"dummy_serial_number_143_2","device":"dummy_device_143_2","invoiceNumber":""},{"id":3,"contractType":"有償交換","productCode":"SI0002","productName":"データSIM Type-C 5GB","lineNumber":"dummy_line_number_143_3","serialNumber":"dummy_serial_number_143_3","device":"dummy_device_143_3","invoiceNumber":""},{"id":4,"contractType":"有償交換","productCode":"SI0002","productName":"データSIM Type-C 5GB","lineNumber":"dummy_line_number_143_4","serialNumber":"dummy_serial_number_143_4","device":"dummy_device_143_4","invoiceNumber":""},{"id":5,"contractType":"有償交換","productCode":"SI0002","productName":"データSIM Type-C 5GB","lineNumber":"dummy_line_number_143_5","serialNumber":"dummy_serial_number_143_5","device":"dummy_device_143_5","invoiceNumber":""},{"id":6,"contractType":"有償交換","productCode":"SI0002","productName":"データSIM Type-C 5GB","lineNumber":"dummy_line_number_143_6","serialNumber":"dummy_serial_number_143_6","device":"dummy_device_143_6","invoiceNumber":""},{"id":7,"contractType":"有償交換","productCode":"SI0002","productName":"データSIM Type-C 5GB","lineNumber":"dummy_line_number_143_7","serialNumber":"dummy_serial_number_143_7","device":"dummy_device_143_7","invoiceNumber":""},{"id":8,"contractType":"有償交換","productCode":"SI0002","productName":"データSIM Type-C 5GB","lineNumber":"dummy_line_number_143_8","serialNumber":"dummy_serial_number_143_8","device":"dummy_device_143_8","invoiceNumber":""},{"id":9,"contractType":"有償交換","productCode":"SI0002","productName":"データSIM Type-C 5GB","lineNumber":"dummy_line_number_143_9","serialNumber":"dummy_serial_number_143_9","device":"dummy_device_143_9","invoiceNumber":""},{"id":10,"contractType":"有償交換","productCode":"SI0002","productName":"データSIM Type-C 5GB","lineNumber":"dummy_line_number_143_10","serialNumber":"dummy_serial_number_143_10","device":"dummy_device_143_10","invoiceNumber":""},{"id":11,"contractType":"有償交換","productCode":"SI0002","productName":"データSIM Type-C 5GB","lineNumber":"dummy_line_number_143_11","serialNumber":"dummy_serial_number_143_11","device":"dummy_device_143_11","invoiceNumber":""},{"id":12,"contractType":"有償交換","productCode":"SI0001","productName":"データSIM Type-C 2GB","lineNumber":"dummy_line_number_143_12","serialNumber":"dummy_serial_number_143_12","device":"dummy_device_143_12","invoiceNumber":""},{"id":13,"contractType":"有償交換","productCode":"SI0001","productName":"データSIM Type-C 2GB","lineNumber":"dummy_line_number_143_13","serialNumber":"dummy_serial_number_143_13","device":"dummy_device_143_13","invoiceNumber":""}]}');
Insert into PRODUCT_CONTRACT (ID,CREATED_AT,CREATED_USER_ID,UPDATED_AT,UPDATED_USER_ID,VERSION,PRODUCT_MASTER_ID,PRODUCT_CONTRACT_NAME,REP_ITEM_MASTER_ID,SERVICE_IDENT_NUMBER,CONTRACT_ID,EXTENDS_PARAMETER_ITERANCE) values (144,to_timestamp('18-12-28 10:51:35.898000000','RR-MM-DD HH24:MI:SSXFF'),'COTOS_BATCH_USER',null,null,0,300,'SIM',null,'CS2018122800144',144,'{"extendsParameterList":[{"id":1,"contractType":"有償交換","productCode":"SI0001","productName":"データSIM Type-C 2GB","lineNumber":"","serialNumber":"","device":"","invoiceNumber":""}]}');
Insert into PRODUCT_CONTRACT (ID,CREATED_AT,CREATED_USER_ID,UPDATED_AT,UPDATED_USER_ID,VERSION,PRODUCT_MASTER_ID,PRODUCT_CONTRACT_NAME,REP_ITEM_MASTER_ID,SERVICE_IDENT_NUMBER,CONTRACT_ID,EXTENDS_PARAMETER_ITERANCE) values (145,to_timestamp('18-12-28 10:51:35.898000000','RR-MM-DD HH24:MI:SSXFF'),'COTOS_BATCH_USER',null,null,0,300,'SIM',null,'CS2018122800145',145,'{"extendsParameterList":[{"id":1,"contractType":"有償交換","productCode":"SI0002","productName":"データSIM Type-C 5GB","lineNumber":"dummy_line_number_145_1","serialNumber":"dummy_serial_number_145_1","device":"dummy_device_145_1","invoiceNumber":""},{"id":2,"contractType":"有償交換","productCode":"SI0002","productName":"データSIM Type-C 5GB","lineNumber":"dummy_line_number_145_2","serialNumber":"dummy_serial_number_145_2","device":"dummy_device_145_2","invoiceNumber":""},{"id":3,"contractType":"有償交換","productCode":"SI0002","productName":"データSIM Type-C 5GB","lineNumber":"dummy_line_number_145_3","serialNumber":"dummy_serial_number_145_3","device":"dummy_device_145_3","invoiceNumber":""},{"id":4,"contractType":"有償交換","productCode":"SI0002","productName":"データSIM Type-C 5GB","lineNumber":"dummy_line_number_145_4","serialNumber":"dummy_serial_number_145_4","device":"dummy_device_145_4","invoiceNumber":""},{"id":5,"contractType":"有償交換","productCode":"SI0001","productName":"データSIM Type-C 2GB","lineNumber":"dummy_line_number_145_5","serialNumber":"dummy_serial_number_145_5","device":"dummy_device_145_5","invoiceNumber":""},{"id":6,"contractType":"有償交換","productCode":"SI0001","productName":"データSIM Type-C 2GB","lineNumber":"dummy_line_number_145_6","serialNumber":"dummy_serial_number_145_6","device":"dummy_device_145_6","invoiceNumber":""},{"id":7,"contractType":"有償交換","productCode":"SI0001","productName":"データSIM Type-C 2GB","lineNumber":"dummy_line_number_145_7","serialNumber":"dummy_serial_number_145_7","device":"dummy_device_145_7","invoiceNumber":""},{"id":8,"contractType":"有償交換","productCode":"SI0001","productName":"データSIM Type-C 2GB","lineNumber":"dummy_line_number_145_8","serialNumber":"dummy_serial_number_145_8","device":"dummy_device_145_8","invoiceNumber":""}]}');
Insert into PRODUCT_CONTRACT (ID,CREATED_AT,CREATED_USER_ID,UPDATED_AT,UPDATED_USER_ID,VERSION,PRODUCT_MASTER_ID,PRODUCT_CONTRACT_NAME,REP_ITEM_MASTER_ID,SERVICE_IDENT_NUMBER,CONTRACT_ID,EXTENDS_PARAMETER_ITERANCE) values (146,to_timestamp('18-12-28 10:51:35.898000000','RR-MM-DD HH24:MI:SSXFF'),'COTOS_BATCH_USER',null,null,0,300,'SIM',null,'CS2018122800146',146,'{"extendsParameterList":[{"id":1,"contractType":"有償交換","productCode":"SI0002","productName":"データSIM Type-C 5GB","lineNumber":"dummy_line_number_146_1","serialNumber":"dummy_serial_number_146_1","device":"dummy_device_146_1","invoiceNumber":""},{"id":2,"contractType":"有償交換","productCode":"SI0002","productName":"データSIM Type-C 5GB","lineNumber":"dummy_line_number_146_2","serialNumber":"dummy_serial_number_146_2","device":"dummy_device_146_2","invoiceNumber":""},{"id":3,"contractType":"有償交換","productCode":"SI0002","productName":"データSIM Type-C 5GB","lineNumber":"dummy_line_number_146_3","serialNumber":"dummy_serial_number_146_3","device":"dummy_device_146_3","invoiceNumber":""},{"id":4,"contractType":"有償交換","productCode":"SI0002","productName":"データSIM Type-C 5GB","lineNumber":"dummy_line_number_146_4","serialNumber":"dummy_serial_number_146_4","device":"dummy_device_146_4","invoiceNumber":""},{"id":5,"contractType":"有償交換","productCode":"SI0001","productName":"データSIM Type-C 2GB","lineNumber":"dummy_line_number_146_5","serialNumber":"dummy_serial_number_146_5","device":"dummy_device_146_5","invoiceNumber":""},{"id":6,"contractType":"有償交換","productCode":"SI0001","productName":"データSIM Type-C 2GB","lineNumber":"dummy_line_number_146_6","serialNumber":"dummy_serial_number_146_6","device":"dummy_device_146_6","invoiceNumber":""},{"id":7,"contractType":"有償交換","productCode":"SI0001","productName":"データSIM Type-C 2GB","lineNumber":"dummy_line_number_146_7","serialNumber":"dummy_serial_number_146_7","device":"dummy_device_146_7","invoiceNumber":""},{"id":8,"contractType":"有償交換","productCode":"SI0001","productName":"データSIM Type-C 2GB","lineNumber":"dummy_line_number_146_8","serialNumber":"dummy_serial_number_146_8","device":"dummy_device_146_8","invoiceNumber":""}]}');
Insert into CONTRACT_DETAIL (ID,CREATED_AT,CREATED_USER_ID,UPDATED_AT,UPDATED_USER_ID,VERSION,CONTRACT_ID,STATE,QUANTITY,AMOUNT_SUMMARY,EXTENDS_PARAMETER,DETAIL_ABSTRACT,UNIT_PRICE) values (160,to_timestamp('18-12-28 10:51:35.412000000','RR-MM-DD HH24:MI:SSXFF'),'COTOS_BATCH_USER',null,null,0,140,'2',1,5000,'',null,5000);
Insert into CONTRACT_DETAIL (ID,CREATED_AT,CREATED_USER_ID,UPDATED_AT,UPDATED_USER_ID,VERSION,CONTRACT_ID,STATE,QUANTITY,AMOUNT_SUMMARY,EXTENDS_PARAMETER,DETAIL_ABSTRACT,UNIT_PRICE) values (161,to_timestamp('18-12-28 10:51:35.418000000','RR-MM-DD HH24:MI:SSXFF'),'COTOS_BATCH_USER',null,null,0,140,'2',1,1500,'{"orderCsvCreationStatus":"0","orderCsvCreationDate":""}',null,1500);
Insert into CONTRACT_DETAIL (ID,CREATED_AT,CREATED_USER_ID,UPDATED_AT,UPDATED_USER_ID,VERSION,CONTRACT_ID,STATE,QUANTITY,AMOUNT_SUMMARY,EXTENDS_PARAMETER,DETAIL_ABSTRACT,UNIT_PRICE) values (162,to_timestamp('18-12-28 10:51:35.565000000','RR-MM-DD HH24:MI:SSXFF'),'COTOS_BATCH_USER',null,null,0,141,'2',9,5000,'',null,45000);
Insert into CONTRACT_DETAIL (ID,CREATED_AT,CREATED_USER_ID,UPDATED_AT,UPDATED_USER_ID,VERSION,CONTRACT_ID,STATE,QUANTITY,AMOUNT_SUMMARY,EXTENDS_PARAMETER,DETAIL_ABSTRACT,UNIT_PRICE) values (163,to_timestamp('18-12-28 10:51:35.566000000','RR-MM-DD HH24:MI:SSXFF'),'COTOS_BATCH_USER',null,null,0,141,'2',9,18000,'{"orderCsvCreationStatus":"0","orderCsvCreationDate":""}',null,162000);
Insert into CONTRACT_DETAIL (ID,CREATED_AT,CREATED_USER_ID,UPDATED_AT,UPDATED_USER_ID,VERSION,CONTRACT_ID,STATE,QUANTITY,AMOUNT_SUMMARY,EXTENDS_PARAMETER,DETAIL_ABSTRACT,UNIT_PRICE) values (164,to_timestamp('18-12-28 10:51:35.657000000','RR-MM-DD HH24:MI:SSXFF'),'COTOS_BATCH_USER',null,null,0,142,'2',9,5000,'',null,45000);
Insert into CONTRACT_DETAIL (ID,CREATED_AT,CREATED_USER_ID,UPDATED_AT,UPDATED_USER_ID,VERSION,CONTRACT_ID,STATE,QUANTITY,AMOUNT_SUMMARY,EXTENDS_PARAMETER,DETAIL_ABSTRACT,UNIT_PRICE) values (165,to_timestamp('18-12-28 10:51:35.659000000','RR-MM-DD HH24:MI:SSXFF'),'COTOS_BATCH_USER',null,null,0,142,'2',9,18000,'{"orderCsvCreationStatus":"0","orderCsvCreationDate":""}',null,162000);
Insert into CONTRACT_DETAIL (ID,CREATED_AT,CREATED_USER_ID,UPDATED_AT,UPDATED_USER_ID,VERSION,CONTRACT_ID,STATE,QUANTITY,AMOUNT_SUMMARY,EXTENDS_PARAMETER,DETAIL_ABSTRACT,UNIT_PRICE) values (166,to_timestamp('18-12-28 10:51:35.723000000','RR-MM-DD HH24:MI:SSXFF'),'COTOS_BATCH_USER',null,null,0,143,'2',13,5000,'',null,65000);
Insert into CONTRACT_DETAIL (ID,CREATED_AT,CREATED_USER_ID,UPDATED_AT,UPDATED_USER_ID,VERSION,CONTRACT_ID,STATE,QUANTITY,AMOUNT_SUMMARY,EXTENDS_PARAMETER,DETAIL_ABSTRACT,UNIT_PRICE) values (167,to_timestamp('18-12-28 10:51:35.724000000','RR-MM-DD HH24:MI:SSXFF'),'COTOS_BATCH_USER',null,null,0,143,'2',11,18000,'{"orderCsvCreationStatus":"0","orderCsvCreationDate":""}',null,198000);
Insert into CONTRACT_DETAIL (ID,CREATED_AT,CREATED_USER_ID,UPDATED_AT,UPDATED_USER_ID,VERSION,CONTRACT_ID,STATE,QUANTITY,AMOUNT_SUMMARY,EXTENDS_PARAMETER,DETAIL_ABSTRACT,UNIT_PRICE) values (168,to_timestamp('18-12-28 10:51:35.724000000','RR-MM-DD HH24:MI:SSXFF'),'COTOS_BATCH_USER',null,null,0,143,'2',2,18000,'{"orderCsvCreationStatus":"0","orderCsvCreationDate":""}',null,36000);
Insert into CONTRACT_DETAIL (ID,CREATED_AT,CREATED_USER_ID,UPDATED_AT,UPDATED_USER_ID,VERSION,CONTRACT_ID,STATE,QUANTITY,AMOUNT_SUMMARY,EXTENDS_PARAMETER,DETAIL_ABSTRACT,UNIT_PRICE) values (169,to_timestamp('18-12-28 10:51:35.869000000','RR-MM-DD HH24:MI:SSXFF'),'COTOS_BATCH_USER',null,null,0,144,'2',4,5000,'',null,20000);
Insert into CONTRACT_DETAIL (ID,CREATED_AT,CREATED_USER_ID,UPDATED_AT,UPDATED_USER_ID,VERSION,CONTRACT_ID,STATE,QUANTITY,AMOUNT_SUMMARY,EXTENDS_PARAMETER,DETAIL_ABSTRACT,UNIT_PRICE) values (176,to_timestamp('18-12-28 10:51:35.873000000','RR-MM-DD HH24:MI:SSXFF'),'COTOS_BATCH_USER',null,null,0,145,'2',4,50000,'{"orderCsvCreationStatus":"0","orderCsvCreationDate":""}',null,200000);
Insert into CONTRACT_DETAIL (ID,CREATED_AT,CREATED_USER_ID,UPDATED_AT,UPDATED_USER_ID,VERSION,CONTRACT_ID,STATE,QUANTITY,AMOUNT_SUMMARY,EXTENDS_PARAMETER,DETAIL_ABSTRACT,UNIT_PRICE) values (177,to_timestamp('18-12-28 10:51:35.873000000','RR-MM-DD HH24:MI:SSXFF'),'COTOS_BATCH_USER',null,null,0,145,'2',4,50000,'{"orderCsvCreationStatus":"0","orderCsvCreationDate":""}',null,200000);
Insert into CONTRACT_DETAIL (ID,CREATED_AT,CREATED_USER_ID,UPDATED_AT,UPDATED_USER_ID,VERSION,CONTRACT_ID,STATE,QUANTITY,AMOUNT_SUMMARY,EXTENDS_PARAMETER,DETAIL_ABSTRACT,UNIT_PRICE) values (178,to_timestamp('18-12-28 10:51:35.873000000','RR-MM-DD HH24:MI:SSXFF'),'COTOS_BATCH_USER',null,null,0,146,'2',4,50000,'{"orderCsvCreationStatus":"0","orderCsvCreationDate":""}',null,200000);
Insert into CONTRACT_DETAIL (ID,CREATED_AT,CREATED_USER_ID,UPDATED_AT,UPDATED_USER_ID,VERSION,CONTRACT_ID,STATE,QUANTITY,AMOUNT_SUMMARY,EXTENDS_PARAMETER,DETAIL_ABSTRACT,UNIT_PRICE) values (179,to_timestamp('18-12-28 10:51:35.873000000','RR-MM-DD HH24:MI:SSXFF'),'COTOS_BATCH_USER',null,null,0,146,'2',4,50000,'{"orderCsvCreationStatus":"0","orderCsvCreationDate":""}',null,200000);
Insert into ITEM_CONTRACT (ID,CREATED_AT,CREATED_USER_ID,UPDATED_AT,UPDATED_USER_ID,VERSION,ITEM_MASTER_ID,PRODUCT_MASTER_ID,ITEM_CONTRACT_NAME,RICOH_ITEM_CODE,ITEM_TYPE,COST_TYPE,PARTITION_PRICE,CONTRACT_DETAIL_ID,BP_CD,R_COST,RJ_PURCHASE_PRICE,RJ_DIVIDING_PRICE,MOTHER_STORE_PRICE,TAX_FLAG,IFS_LINKAGE_FLG) values (160,to_timestamp('18-12-28 10:51:35.415000000','RR-MM-DD HH24:MI:SSXFF'),'COTOS_BATCH_USER',null,null,0,3001,300,'リコーモバイル通信サービス　データＳＩＭ（Ｓ）有償交換契約手数料','SI0000','2','1',5000,160,null,4500,4275,3847,3462,null,1);
Insert into ITEM_CONTRACT (ID,CREATED_AT,CREATED_USER_ID,UPDATED_AT,UPDATED_USER_ID,VERSION,ITEM_MASTER_ID,PRODUCT_MASTER_ID,ITEM_CONTRACT_NAME,RICOH_ITEM_CODE,ITEM_TYPE,COST_TYPE,PARTITION_PRICE,CONTRACT_DETAIL_ID,BP_CD,R_COST,RJ_PURCHASE_PRICE,RJ_DIVIDING_PRICE,MOTHER_STORE_PRICE,TAX_FLAG,IFS_LINKAGE_FLG) values (161,to_timestamp('18-12-28 10:51:35.419000000','RR-MM-DD HH24:MI:SSXFF'),'COTOS_BATCH_USER',null,null,0,3002,300,'リコーモバイル通信サービス　データＳＩＭ（Ｓ）２ＧＢ　月額利用料','SI0001','1','2',1500,161,null,1350,1283,1154,1038,null,1);
Insert into ITEM_CONTRACT (ID,CREATED_AT,CREATED_USER_ID,UPDATED_AT,UPDATED_USER_ID,VERSION,ITEM_MASTER_ID,PRODUCT_MASTER_ID,ITEM_CONTRACT_NAME,RICOH_ITEM_CODE,ITEM_TYPE,COST_TYPE,PARTITION_PRICE,CONTRACT_DETAIL_ID,BP_CD,R_COST,RJ_PURCHASE_PRICE,RJ_DIVIDING_PRICE,MOTHER_STORE_PRICE,TAX_FLAG,IFS_LINKAGE_FLG) values (162,to_timestamp('18-12-28 10:51:35.565000000','RR-MM-DD HH24:MI:SSXFF'),'COTOS_BATCH_USER',null,null,0,3001,300,'リコーモバイル通信サービス　データＳＩＭ（Ｓ）有償交換契約手数料','SI0000','2','1',5000,162,null,4500,4275,3847,3462,null,1);
Insert into ITEM_CONTRACT (ID,CREATED_AT,CREATED_USER_ID,UPDATED_AT,UPDATED_USER_ID,VERSION,ITEM_MASTER_ID,PRODUCT_MASTER_ID,ITEM_CONTRACT_NAME,RICOH_ITEM_CODE,ITEM_TYPE,COST_TYPE,PARTITION_PRICE,CONTRACT_DETAIL_ID,BP_CD,R_COST,RJ_PURCHASE_PRICE,RJ_DIVIDING_PRICE,MOTHER_STORE_PRICE,TAX_FLAG,IFS_LINKAGE_FLG) values (163,to_timestamp('18-12-28 10:51:35.566000000','RR-MM-DD HH24:MI:SSXFF'),'COTOS_BATCH_USER',null,null,0,3003,300,'リコーモバイル通信サービス　データＳＩＭ（Ｓ）５ＧＢ　月額利用料','SI0002','1','3',18000,163,null,16200,15390,13851,12465,null,1);
Insert into ITEM_CONTRACT (ID,CREATED_AT,CREATED_USER_ID,UPDATED_AT,UPDATED_USER_ID,VERSION,ITEM_MASTER_ID,PRODUCT_MASTER_ID,ITEM_CONTRACT_NAME,RICOH_ITEM_CODE,ITEM_TYPE,COST_TYPE,PARTITION_PRICE,CONTRACT_DETAIL_ID,BP_CD,R_COST,RJ_PURCHASE_PRICE,RJ_DIVIDING_PRICE,MOTHER_STORE_PRICE,TAX_FLAG,IFS_LINKAGE_FLG) values (164,to_timestamp('18-12-28 10:51:35.658000000','RR-MM-DD HH24:MI:SSXFF'),'COTOS_BATCH_USER',null,null,0,3001,300,'リコーモバイル通信サービス　データＳＩＭ（Ｓ）有償交換契約手数料','SI0000','2','1',5000,164,null,4500,4275,3847,3462,null,1);
Insert into ITEM_CONTRACT (ID,CREATED_AT,CREATED_USER_ID,UPDATED_AT,UPDATED_USER_ID,VERSION,ITEM_MASTER_ID,PRODUCT_MASTER_ID,ITEM_CONTRACT_NAME,RICOH_ITEM_CODE,ITEM_TYPE,COST_TYPE,PARTITION_PRICE,CONTRACT_DETAIL_ID,BP_CD,R_COST,RJ_PURCHASE_PRICE,RJ_DIVIDING_PRICE,MOTHER_STORE_PRICE,TAX_FLAG,IFS_LINKAGE_FLG) values (165,to_timestamp('18-12-28 10:51:35.659000000','RR-MM-DD HH24:MI:SSXFF'),'COTOS_BATCH_USER',null,null,0,3003,300,'リコーモバイル通信サービス　データＳＩＭ（Ｓ）５ＧＢ　月額利用料','SI0002','1','3',18000,165,null,16200,15390,13851,12465,null,1);
Insert into ITEM_CONTRACT (ID,CREATED_AT,CREATED_USER_ID,UPDATED_AT,UPDATED_USER_ID,VERSION,ITEM_MASTER_ID,PRODUCT_MASTER_ID,ITEM_CONTRACT_NAME,RICOH_ITEM_CODE,ITEM_TYPE,COST_TYPE,PARTITION_PRICE,CONTRACT_DETAIL_ID,BP_CD,R_COST,RJ_PURCHASE_PRICE,RJ_DIVIDING_PRICE,MOTHER_STORE_PRICE,TAX_FLAG,IFS_LINKAGE_FLG) values (166,to_timestamp('18-12-28 10:51:35.723000000','RR-MM-DD HH24:MI:SSXFF'),'COTOS_BATCH_USER',null,null,0,3001,300,'リコーモバイル通信サービス　データＳＩＭ（Ｓ）有償交換契約手数料','SI0000','2','1',5000,166,null,4500,4275,3847,3462,null,1);
Insert into ITEM_CONTRACT (ID,CREATED_AT,CREATED_USER_ID,UPDATED_AT,UPDATED_USER_ID,VERSION,ITEM_MASTER_ID,PRODUCT_MASTER_ID,ITEM_CONTRACT_NAME,RICOH_ITEM_CODE,ITEM_TYPE,COST_TYPE,PARTITION_PRICE,CONTRACT_DETAIL_ID,BP_CD,R_COST,RJ_PURCHASE_PRICE,RJ_DIVIDING_PRICE,MOTHER_STORE_PRICE,TAX_FLAG,IFS_LINKAGE_FLG) values (167,to_timestamp('18-12-28 10:51:35.725000000','RR-MM-DD HH24:MI:SSXFF'),'COTOS_BATCH_USER',null,null,0,3003,300,'リコーモバイル通信サービス　データＳＩＭ（Ｓ）５ＧＢ　月額利用料','SI0002','1','3',18000,167,null,16200,15390,13851,12465,null,1);
Insert into ITEM_CONTRACT (ID,CREATED_AT,CREATED_USER_ID,UPDATED_AT,UPDATED_USER_ID,VERSION,ITEM_MASTER_ID,PRODUCT_MASTER_ID,ITEM_CONTRACT_NAME,RICOH_ITEM_CODE,ITEM_TYPE,COST_TYPE,PARTITION_PRICE,CONTRACT_DETAIL_ID,BP_CD,R_COST,RJ_PURCHASE_PRICE,RJ_DIVIDING_PRICE,MOTHER_STORE_PRICE,TAX_FLAG,IFS_LINKAGE_FLG) values (168,to_timestamp('18-12-28 10:51:35.725000000','RR-MM-DD HH24:MI:SSXFF'),'COTOS_BATCH_USER',null,null,0,3001,300,'リコーモバイル通信サービス　データＳＩＭ（Ｓ）２ＧＢ　月額利用料','SI0001','1','3',18000,168,null,16200,15390,13851,12465,null,1);
Insert into ITEM_CONTRACT (ID,CREATED_AT,CREATED_USER_ID,UPDATED_AT,UPDATED_USER_ID,VERSION,ITEM_MASTER_ID,PRODUCT_MASTER_ID,ITEM_CONTRACT_NAME,RICOH_ITEM_CODE,ITEM_TYPE,COST_TYPE,PARTITION_PRICE,CONTRACT_DETAIL_ID,BP_CD,R_COST,RJ_PURCHASE_PRICE,RJ_DIVIDING_PRICE,MOTHER_STORE_PRICE,TAX_FLAG,IFS_LINKAGE_FLG) values (169,to_timestamp('18-12-28 10:51:35.870000000','RR-MM-DD HH24:MI:SSXFF'),'COTOS_BATCH_USER',null,null,0,3001,300,'リコーモバイル通信サービス　データＳＩＭ（Ｓ）有償交換契約手数料','SI0000','2','1',5000,169,null,4500,4275,3847,3462,null,1);
Insert into ITEM_CONTRACT (ID,CREATED_AT,CREATED_USER_ID,UPDATED_AT,UPDATED_USER_ID,VERSION,ITEM_MASTER_ID,PRODUCT_MASTER_ID,ITEM_CONTRACT_NAME,RICOH_ITEM_CODE,ITEM_TYPE,COST_TYPE,PARTITION_PRICE,CONTRACT_DETAIL_ID,BP_CD,R_COST,RJ_PURCHASE_PRICE,RJ_DIVIDING_PRICE,MOTHER_STORE_PRICE,TAX_FLAG,IFS_LINKAGE_FLG) values (176,to_timestamp('18-12-28 10:51:35.879000000','RR-MM-DD HH24:MI:SSXFF'),'COTOS_BATCH_USER',null,null,0,3003,300,'リコーモバイル通信サービス　データＳＩＭ（Ｓ）５ＧＢ　月額利用料','SI0002','1','3',18000,176,null,16200,15390,13851,12465,null,1);
Insert into ITEM_CONTRACT (ID,CREATED_AT,CREATED_USER_ID,UPDATED_AT,UPDATED_USER_ID,VERSION,ITEM_MASTER_ID,PRODUCT_MASTER_ID,ITEM_CONTRACT_NAME,RICOH_ITEM_CODE,ITEM_TYPE,COST_TYPE,PARTITION_PRICE,CONTRACT_DETAIL_ID,BP_CD,R_COST,RJ_PURCHASE_PRICE,RJ_DIVIDING_PRICE,MOTHER_STORE_PRICE,TAX_FLAG,IFS_LINKAGE_FLG) values (177,to_timestamp('18-12-28 10:51:35.879000000','RR-MM-DD HH24:MI:SSXFF'),'COTOS_BATCH_USER',null,null,0,3002,300,'リコーモバイル通信サービス　データＳＩＭ（Ｓ）２ＧＢ　月額利用料','SI0001','1','3',18000,177,null,16200,15390,13851,12465,null,1);
Insert into ITEM_CONTRACT (ID,CREATED_AT,CREATED_USER_ID,UPDATED_AT,UPDATED_USER_ID,VERSION,ITEM_MASTER_ID,PRODUCT_MASTER_ID,ITEM_CONTRACT_NAME,RICOH_ITEM_CODE,ITEM_TYPE,COST_TYPE,PARTITION_PRICE,CONTRACT_DETAIL_ID,BP_CD,R_COST,RJ_PURCHASE_PRICE,RJ_DIVIDING_PRICE,MOTHER_STORE_PRICE,TAX_FLAG,IFS_LINKAGE_FLG) values (178,to_timestamp('18-12-28 10:51:35.879000000','RR-MM-DD HH24:MI:SSXFF'),'COTOS_BATCH_USER',null,null,0,3003,300,'リコーモバイル通信サービス　データＳＩＭ（Ｓ）５ＧＢ　月額利用料','SI0002','1','3',18000,178,null,16200,15390,13851,12465,null,1);
Insert into ITEM_CONTRACT (ID,CREATED_AT,CREATED_USER_ID,UPDATED_AT,UPDATED_USER_ID,VERSION,ITEM_MASTER_ID,PRODUCT_MASTER_ID,ITEM_CONTRACT_NAME,RICOH_ITEM_CODE,ITEM_TYPE,COST_TYPE,PARTITION_PRICE,CONTRACT_DETAIL_ID,BP_CD,R_COST,RJ_PURCHASE_PRICE,RJ_DIVIDING_PRICE,MOTHER_STORE_PRICE,TAX_FLAG,IFS_LINKAGE_FLG) values (179,to_timestamp('18-12-28 10:51:35.879000000','RR-MM-DD HH24:MI:SSXFF'),'COTOS_BATCH_USER',null,null,0,3002,300,'リコーモバイル通信サービス　データＳＩＭ（Ｓ）２ＧＢ　月額利用料','SI0001','1','3',18000,179,null,16200,15390,13851,12465,null,1);
Insert into CUSTOMER_CONTRACT (ID,CREATED_AT,CREATED_USER_ID,UPDATED_AT,UPDATED_USER_ID,VERSION,MOM_KJB_SYSTEM_ID,MOM_CUST_ID,COMPANY_ID,OFFICE_ID,DEPARTMENT_DIV,CUSTOMER_NAME,COMPANY_NAME,COMPANY_NAME_KANA,OFFICE_NAME,DEPARTMENT_NAME,POST_NUMBER,ADDRESS,PHONE_NUMBER,FAX_NUMBER,COMPANY_REPRESENTATIVE_NAME,COMPANY_REPRESENTATIVE_NAME_KANA,PIC_NAME,PIC_NAME_KANA,PIC_DEPT_NAME,PIC_PHONE_NUMBER,PIC_FAX_NUMBER,PIC_MAIL_ADDRESS,CONTRACT_ID,NETRICOH_ACCOUNT,SETUP_CORP_NM,SETUP_POST_CD,SETUP_ADDR,SETUP_TEL) values (140,to_timestamp('18-12-28 10:51:35.405000000','RR-MM-DD HH24:MI:SSXFF'),'COTOS_BATCH_USER',null,null,0,'000000012647659','000000007511725','000000004890609','000000001269962','2','契約者forSIM1','企業forSIM1',null,'事業所forSIM1',null,'107-00001','東京都港区赤坂forSIM1',null,null,null,null,'担当者 テスト1',null,null,'03-3568-xx01',null,'Mail_forSIM',140,'nr00000001',null,null,null,null);
Insert into CUSTOMER_CONTRACT (ID,CREATED_AT,CREATED_USER_ID,UPDATED_AT,UPDATED_USER_ID,VERSION,MOM_KJB_SYSTEM_ID,MOM_CUST_ID,COMPANY_ID,OFFICE_ID,DEPARTMENT_DIV,CUSTOMER_NAME,COMPANY_NAME,COMPANY_NAME_KANA,OFFICE_NAME,DEPARTMENT_NAME,POST_NUMBER,ADDRESS,PHONE_NUMBER,FAX_NUMBER,COMPANY_REPRESENTATIVE_NAME,COMPANY_REPRESENTATIVE_NAME_KANA,PIC_NAME,PIC_NAME_KANA,PIC_DEPT_NAME,PIC_PHONE_NUMBER,PIC_FAX_NUMBER,PIC_MAIL_ADDRESS,CONTRACT_ID,NETRICOH_ACCOUNT,SETUP_CORP_NM,SETUP_POST_CD,SETUP_ADDR,SETUP_TEL) values (141,to_timestamp('18-12-28 10:51:35.559000000','RR-MM-DD HH24:MI:SSXFF'),'COTOS_BATCH_USER',null,null,0,'000000009468048','000000008242312','000000004150833','000000001269962','2','契約者forSIM9','企業forSIM9',null,'事業所forSIM9',null,'107-00009','東京都港区赤坂forSIM9',null,null,null,null,'担当者 テスト2',null,null,'03-3568-xx09',null,'Mail_forSIM',141,'nr00000009',null,null,null,null);
Insert into CUSTOMER_CONTRACT (ID,CREATED_AT,CREATED_USER_ID,UPDATED_AT,UPDATED_USER_ID,VERSION,MOM_KJB_SYSTEM_ID,MOM_CUST_ID,COMPANY_ID,OFFICE_ID,DEPARTMENT_DIV,CUSTOMER_NAME,COMPANY_NAME,COMPANY_NAME_KANA,OFFICE_NAME,DEPARTMENT_NAME,POST_NUMBER,ADDRESS,PHONE_NUMBER,FAX_NUMBER,COMPANY_REPRESENTATIVE_NAME,COMPANY_REPRESENTATIVE_NAME_KANA,PIC_NAME,PIC_NAME_KANA,PIC_DEPT_NAME,PIC_PHONE_NUMBER,PIC_FAX_NUMBER,PIC_MAIL_ADDRESS,CONTRACT_ID,NETRICOH_ACCOUNT,SETUP_CORP_NM,SETUP_POST_CD,SETUP_ADDR,SETUP_TEL) values (142,to_timestamp('18-12-28 10:51:35.655000000','RR-MM-DD HH24:MI:SSXFF'),'COTOS_BATCH_USER',null,null,0,'000000009468048','000000008242312','000000004150833','000000001269962','2','契約者forSIM9','企業forSIM9',null,'事業所forSIM9',null,'107-00009','東京都港区赤坂forSIM9',null,null,null,null,'担当者 テスト3',null,null,'03-3568-xx09',null,'Mail_forSIM',142,'nr00000009',null,null,null,null);
Insert into CUSTOMER_CONTRACT (ID,CREATED_AT,CREATED_USER_ID,UPDATED_AT,UPDATED_USER_ID,VERSION,MOM_KJB_SYSTEM_ID,MOM_CUST_ID,COMPANY_ID,OFFICE_ID,DEPARTMENT_DIV,CUSTOMER_NAME,COMPANY_NAME,COMPANY_NAME_KANA,OFFICE_NAME,DEPARTMENT_NAME,POST_NUMBER,ADDRESS,PHONE_NUMBER,FAX_NUMBER,COMPANY_REPRESENTATIVE_NAME,COMPANY_REPRESENTATIVE_NAME_KANA,PIC_NAME,PIC_NAME_KANA,PIC_DEPT_NAME,PIC_PHONE_NUMBER,PIC_FAX_NUMBER,PIC_MAIL_ADDRESS,CONTRACT_ID,NETRICOH_ACCOUNT,SETUP_CORP_NM,SETUP_POST_CD,SETUP_ADDR,SETUP_TEL) values (143,to_timestamp('18-12-28 10:51:35.720000000','RR-MM-DD HH24:MI:SSXFF'),'COTOS_BATCH_USER',null,null,0,'000000009468048','000000008242312','000000004150833','000000001269962','2','契約者forSIM9','企業forSIM9',null,'事業所forSIM9',null,'107-00009','東京都港区赤坂forSIM9',null,null,null,null,'担当者 テスト4',null,null,'03-3568-xx09',null,'Mail_forSIM',143,'nr00000009',null,null,null,null);
Insert into CUSTOMER_CONTRACT (ID,CREATED_AT,CREATED_USER_ID,UPDATED_AT,UPDATED_USER_ID,VERSION,MOM_KJB_SYSTEM_ID,MOM_CUST_ID,COMPANY_ID,OFFICE_ID,DEPARTMENT_DIV,CUSTOMER_NAME,COMPANY_NAME,COMPANY_NAME_KANA,OFFICE_NAME,DEPARTMENT_NAME,POST_NUMBER,ADDRESS,PHONE_NUMBER,FAX_NUMBER,COMPANY_REPRESENTATIVE_NAME,COMPANY_REPRESENTATIVE_NAME_KANA,PIC_NAME,PIC_NAME_KANA,PIC_DEPT_NAME,PIC_PHONE_NUMBER,PIC_FAX_NUMBER,PIC_MAIL_ADDRESS,CONTRACT_ID,NETRICOH_ACCOUNT,SETUP_CORP_NM,SETUP_POST_CD,SETUP_ADDR,SETUP_TEL) values (144,to_timestamp('18-12-28 10:51:35.867000000','RR-MM-DD HH24:MI:SSXFF'),'COTOS_BATCH_USER',null,null,0,'000000009468048','000000008242312','000000004150833','000000001269962','2','契約者forSIM39','企業forSIM39',null,'事業所forSIM39',null,'107-00139','東京都港区赤坂forSIM39',null,null,null,null,'担当者 テスト5',null,null,'03-3568-x139',null,'Mail_forSIM',144,'nr00000139',null,null,null,null);
Insert into CUSTOMER_CONTRACT (ID,CREATED_AT,CREATED_USER_ID,UPDATED_AT,UPDATED_USER_ID,VERSION,MOM_KJB_SYSTEM_ID,MOM_CUST_ID,COMPANY_ID,OFFICE_ID,DEPARTMENT_DIV,CUSTOMER_NAME,COMPANY_NAME,COMPANY_NAME_KANA,OFFICE_NAME,DEPARTMENT_NAME,POST_NUMBER,ADDRESS,PHONE_NUMBER,FAX_NUMBER,COMPANY_REPRESENTATIVE_NAME,COMPANY_REPRESENTATIVE_NAME_KANA,PIC_NAME,PIC_NAME_KANA,PIC_DEPT_NAME,PIC_PHONE_NUMBER,PIC_FAX_NUMBER,PIC_MAIL_ADDRESS,CONTRACT_ID,NETRICOH_ACCOUNT,SETUP_CORP_NM,SETUP_POST_CD,SETUP_ADDR,SETUP_TEL) values (145,to_timestamp('18-12-28 10:51:35.867000000','RR-MM-DD HH24:MI:SSXFF'),'COTOS_BATCH_USER',null,null,0,'000000009468048','000000008242312','000000004150833','000000001269962','2','契約者forSIM39','企業forSIM39',null,'事業所forSIM39',null,'107-00139','東京都港区赤坂forSIM39',null,null,null,null,'担当者 テスト6',null,null,'03-3568-x139',null,'Mail_forSIM',145,'nr00000139',null,null,null,null);
Insert into CUSTOMER_CONTRACT (ID,CREATED_AT,CREATED_USER_ID,UPDATED_AT,UPDATED_USER_ID,VERSION,MOM_KJB_SYSTEM_ID,MOM_CUST_ID,COMPANY_ID,OFFICE_ID,DEPARTMENT_DIV,CUSTOMER_NAME,COMPANY_NAME,COMPANY_NAME_KANA,OFFICE_NAME,DEPARTMENT_NAME,POST_NUMBER,ADDRESS,PHONE_NUMBER,FAX_NUMBER,COMPANY_REPRESENTATIVE_NAME,COMPANY_REPRESENTATIVE_NAME_KANA,PIC_NAME,PIC_NAME_KANA,PIC_DEPT_NAME,PIC_PHONE_NUMBER,PIC_FAX_NUMBER,PIC_MAIL_ADDRESS,CONTRACT_ID,NETRICOH_ACCOUNT,SETUP_CORP_NM,SETUP_POST_CD,SETUP_ADDR,SETUP_TEL) values (146,to_timestamp('18-12-28 10:51:35.867000000','RR-MM-DD HH24:MI:SSXFF'),'COTOS_BATCH_USER',null,null,0,'000000009468048','000000008242312','000000004150833','000000001269962','2','契約者forSIM39','企業forSIM39',null,'事業所forSIM39',null,'107-00139','東京都港区赤坂forSIM39',null,null,null,null,'担当者 テスト7',null,null,'03-3568-x139',null,'Mail_forSIM',146,'nr00000139',null,null,null,null);