INSERT INTO CONTRACT (ID,CREATED_AT,CREATED_USER_ID,UPDATED_AT,UPDATED_USER_ID,VERSION,CONTRACT_TYPE,PRODUCT_GRP_MASTER_ID,LIFECYCLE_STATUS,WORKFLOW_STATUS,IMMUTABLE_CONT_IDENT_NUMBER,CASE_NUMBER,CASE_TITLE,CONTRACT_NUMBER,CONTRACT_BRANCH_NUMBER,CONTRACT_TITLE,ORIGIN_CONTRACT_NUMBER,ORIGIN_CONTRACT_BRANCH_NUMBER,ORIGIN_CONTRACT_ID,CHANGE_PREFERRED_DATE,CONTRACT_DATE,ACCOUNT_SALES_FLG,BILLING_DATE,SERVICE_TERM_START,SERVICE_TERM_END,CANCEL_SCHEDULED_DATE,ESTIMATION_NUMBER,ESTIMATION_BRANCH_NUMBER,ESTIMATION_ID,ESTIMATION_TITLE,COMMERCIAL_FLOW_DIV,ISSUE_FORMAT,BILLING_CUSTOMER_SP_CODE,BILLING_CUSTOMER_SP_NAME,PAYMENT_TERMS,PAYMENT_METHOD,CANCEL_REASON,CANCEL_REASON_ETC,EXTENDS_PARAMETER,WEB_ORDER_NUMBER,RJ_MANAGE_NUMBER,BILLING_START_DATE,CANCEL_ORDER_NO,CONCLUSION_PREFERRED_DATE,APP_ID,IFS_LINKAGE_CSV_CREATE_STATUS,IFS_LINKAGE_CSV_CREATE_DATE,CONTRACT_AUTO_UPDATE_DATE,DELIVERY_CD,DELIVERY_NAME,ISSUE_TAX_CODE_VALUE,CONTACT_NO,SS_WORK_REQUEST_CREATE_STATUS,APPLICATION_DATE,ACCEPTANCE_DATE,INSTALL_DELIVERY_SITE_ID,CANCEL_DECISION_DATE,FIXED_DATE,SALE_DIV,VENDOR_MANAGE_NUMBER,MANUAL_UPDATE_FLG,ITEM_ADD_STATUS,CANCEL_APPLICATION_DATE)
VALUES (140,'2020/04/14 17:08:34.508','COTOS_BATCH_USER','2020/04/15 16:55:05.235',01396119,29,1,300,6,7,'CIC202004140140', NULL , NULL ,'CC2020041400140',1, NULL , NULL , NULL , NULL , NULL ,'2020/04/15',1, NULL ,'2020/02/03', NULL , NULL ,'CE2020041400140',1,140,'SIMテスト4',1, NULL ,50510165051,'トヨタホーム株式＊＊', NULL , NULL , NULL , NULL ,'{"cpqTransactionId":"38970778","cpqReConfigUrl":"https://ricohtest2.bigmachines.com/commerce/new_equipment/products/model_configs.jsp?_from_punchin=true&actionVarName=addLineItem_t&id=38970778&product_line=telecommunication&model=ricohSim&segment=communication&bm_sales_root_bom_item_id=abo_29f99d54-93ce-43b3-aefb-f052738a54c3&configContextKey=6a7e9dc5-5548-42cc-858b-45103eace31b&reconfigFlg=true"}', NULL ,'T020000021','2020/06/01', NULL ,'2020/05/04','cotos_batch',0, NULL , NULL , NULL , NULL ,10,22200000001,0,'2020/04/14', NULL , NULL , NULL ,TO_DATE('2020/04/15 10:40:24','YYYY/MM/DD HH24:MI:SS'), NULL , NULL ,0, NULL , NULL );
INSERT INTO CONTRACT_PIC_SA_EMP (ID,CREATED_AT,CREATED_USER_ID,UPDATED_AT,UPDATED_USER_ID,VERSION,MOM_EMPLOYEE_ID,MOM_ORG_ID,ORG_HIERARCHY_LEVEL,ORG_NAME,SALES_COMPANY_NAME,ORG_PHONE_NUMBER,EMPLOYEE_NAME,SALES_DEPARTMENT_NAME,POST_NUMBER,ADDRESS,PHONE_NUMBER,FAX_NUMBER,MAIL_ADDRESS,CONTRACT_ID,EXTENDS_PARAMETER,MOM_KJB_SYSTEM_ID,MOM_CUST_ID,SALES_COMPANY_NAME_KANA,COMPANY_REPRESENTATIVE_NAME,COMPANY_REPRESENTATIVE_NAME_KANA)
VALUES (140,'2020/04/14 17:08:34.737','COTOS_BATCH_USER', NULL , NULL ,0,00229746,0913430,4,'販売事業本部　北海道支社　札幌南西営業部　南西第一営業所　','Ｒジャパン（北海道）','050-3534-4277','一戸満','販売事業本部　北海道支社　札幌南西営業部　南西第一営業所　',0600007,'北海道札幌市中央区北七条西１３丁目９－１　塚本ビル７号館　４Ｆ', NULL , NULL ,'zpg_jpi_st_mail01@nts.ricoh.co.jp',140, NULL , NULL , NULL , NULL , NULL , NULL );
INSERT INTO PRODUCT_CONTRACT (ID,CREATED_AT,CREATED_USER_ID,UPDATED_AT,UPDATED_USER_ID,VERSION,PRODUCT_MASTER_ID,PRODUCT_CONTRACT_NAME,REP_ITEM_MASTER_ID,SERVICE_IDENT_NUMBER,CONTRACT_ID,EXTENDS_PARAMETER,EXTENDS_PARAMETER_ITERANCE)
VALUES (140,'2020/04/14 17:08:34.722','COTOS_BATCH_USER','2020/04/15 16:55:05.235',01396119,5,300,'リコー　モバイル　通信サービス',0,'CS2020041400140',140, NULL ,'{"extendsParameterList":[{"id":1,"contractType":"新規","productCode":"915868","productName":"リコーモバイル通信サービス　データＳＩＭ（Ｓ）２ＧＢ　月額利用料","lineNumber":"11111","serialNumber":"01","device":"TESTDATA","invoiceNumber":"11"},{"id":2,"contractType":"新規","productCode":"915868","productName":"リコーモバイル通信サービス　データＳＩＭ（Ｓ）２ＧＢ　月額利用料","lineNumber":"22222","serialNumber":"02","device":"","invoiceNumber":"22"},{"id":3,"contractType":"新規","productCode":"915869","productName":"リコーモバイル通信サービス　データＳＩＭ（Ｓ）５ＧＢ　月額利用料","lineNumber":"33333","serialNumber":"3","device":"TEST","invoiceNumber":"33"},{"id":4,"contractType":"新規","productCode":"915869","productName":"リコーモバイル通信サービス　データＳＩＭ（Ｓ）５ＧＢ　月額利用料","lineNumber":"44444","serialNumber":"4","device":"","invoiceNumber":"44"},{"id":5,"contractType":"新規","productCode":"915870","productName":"リコーモバイル通信サービス　データＳＩＭ（Ｓ）１０ＧＢ　月額利用料","lineNumber":"55555","serialNumber":"5","device":"","invoiceNumber":"55"},{"id":6,"contractType":"新規","productCode":"915870","productName":"リコーモバイル通信サービス　データＳＩＭ（Ｓ）１０ＧＢ　月額利用料","lineNumber":"66666","serialNumber":"6","device":"","invoiceNumber":"66"},{"id":7,"contractType":"新規","productCode":"915871","productName":"リコーモバイル通信サービス　データＳＩＭ（Ｓ）２０ＧＢ　月額利用料","lineNumber":"77777","serialNumber":"7","device":"","invoiceNumber":"77"},{"id":8,"contractType":"新規","productCode":"915871","productName":"リコーモバイル通信サービス　データＳＩＭ（Ｓ）２０ＧＢ　月額利用料","lineNumber":"88888","serialNumber":"8","device":"","invoiceNumber":"88"}]}');
INSERT INTO CONTRACT (ID,CREATED_AT,CREATED_USER_ID,UPDATED_AT,UPDATED_USER_ID,VERSION,CONTRACT_TYPE,PRODUCT_GRP_MASTER_ID,LIFECYCLE_STATUS,WORKFLOW_STATUS,IMMUTABLE_CONT_IDENT_NUMBER,CASE_NUMBER,CASE_TITLE,CONTRACT_NUMBER,CONTRACT_BRANCH_NUMBER,CONTRACT_TITLE,ORIGIN_CONTRACT_NUMBER,ORIGIN_CONTRACT_BRANCH_NUMBER,ORIGIN_CONTRACT_ID,CHANGE_PREFERRED_DATE,CONTRACT_DATE,ACCOUNT_SALES_FLG,BILLING_DATE,SERVICE_TERM_START,SERVICE_TERM_END,CANCEL_SCHEDULED_DATE,ESTIMATION_NUMBER,ESTIMATION_BRANCH_NUMBER,ESTIMATION_ID,ESTIMATION_TITLE,COMMERCIAL_FLOW_DIV,ISSUE_FORMAT,BILLING_CUSTOMER_SP_CODE,BILLING_CUSTOMER_SP_NAME,PAYMENT_TERMS,PAYMENT_METHOD,CANCEL_REASON,CANCEL_REASON_ETC,EXTENDS_PARAMETER,WEB_ORDER_NUMBER,RJ_MANAGE_NUMBER,BILLING_START_DATE,CANCEL_ORDER_NO,CONCLUSION_PREFERRED_DATE,APP_ID,IFS_LINKAGE_CSV_CREATE_STATUS,IFS_LINKAGE_CSV_CREATE_DATE,CONTRACT_AUTO_UPDATE_DATE,DELIVERY_CD,DELIVERY_NAME,ISSUE_TAX_CODE_VALUE,CONTACT_NO,SS_WORK_REQUEST_CREATE_STATUS,APPLICATION_DATE,ACCEPTANCE_DATE,INSTALL_DELIVERY_SITE_ID,CANCEL_DECISION_DATE,FIXED_DATE,SALE_DIV,VENDOR_MANAGE_NUMBER,MANUAL_UPDATE_FLG,ITEM_ADD_STATUS,CANCEL_APPLICATION_DATE)
VALUES (150,'2020/04/14 17:08:34.508','COTOS_BATCH_USER','2020/04/15 16:55:05.235',01396119,29,1,300,6,7,'CIC202004140140', NULL , NULL ,'CC2020041500150',1, NULL , NULL , NULL , NULL , NULL ,'2020/04/15',1, NULL ,'2020/02/04', NULL , NULL ,'CE2020041400150',1,140,'SIMテスト4',1, NULL ,50510165051,'トヨタホーム株式＊＊', NULL , NULL , NULL , NULL ,'{"cpqTransactionId":"38970778","cpqReConfigUrl":"https://ricohtest2.bigmachines.com/commerce/new_equipment/products/model_configs.jsp?_from_punchin=true&actionVarName=addLineItem_t&id=38970778&product_line=telecommunication&model=ricohSim&segment=communication&bm_sales_root_bom_item_id=abo_29f99d54-93ce-43b3-aefb-f052738a54c3&configContextKey=6a7e9dc5-5548-42cc-858b-45103eace31b&reconfigFlg=true"}', NULL ,'T020000021','2020/06/01', NULL ,'2020/05/04','cotos_batch',0, NULL , NULL , NULL , NULL ,10,22200000001,0,'2020/04/14', NULL , NULL , NULL ,TO_DATE('2020/04/15 10:40:24','YYYY/MM/DD HH24:MI:SS'), NULL , NULL ,0, NULL , NULL );
INSERT INTO CONTRACT_PIC_SA_EMP (ID,CREATED_AT,CREATED_USER_ID,UPDATED_AT,UPDATED_USER_ID,VERSION,MOM_EMPLOYEE_ID,MOM_ORG_ID,ORG_HIERARCHY_LEVEL,ORG_NAME,SALES_COMPANY_NAME,ORG_PHONE_NUMBER,EMPLOYEE_NAME,SALES_DEPARTMENT_NAME,POST_NUMBER,ADDRESS,PHONE_NUMBER,FAX_NUMBER,MAIL_ADDRESS,CONTRACT_ID,EXTENDS_PARAMETER,MOM_KJB_SYSTEM_ID,MOM_CUST_ID,SALES_COMPANY_NAME_KANA,COMPANY_REPRESENTATIVE_NAME,COMPANY_REPRESENTATIVE_NAME_KANA)
VALUES (150,'2020/04/14 17:08:34.737','COTOS_BATCH_USER', NULL , NULL ,0,00229746,0913430,4,'販売事業本部　北海道支社　札幌南西営業部　南西第一営業所　','Ｒジャパン（北海道）','050-3534-4277','一戸満','販売事業本部　北海道支社　札幌南西営業部　南西第一営業所　',0600007,'北海道札幌市中央区北七条西１３丁目９－１　塚本ビル７号館　４Ｆ', NULL , NULL ,'zpg_jpi_st_mail01@nts.ricoh.co.jp',150, NULL , NULL , NULL , NULL , NULL , NULL );
INSERT INTO PRODUCT_CONTRACT (ID,CREATED_AT,CREATED_USER_ID,UPDATED_AT,UPDATED_USER_ID,VERSION,PRODUCT_MASTER_ID,PRODUCT_CONTRACT_NAME,REP_ITEM_MASTER_ID,SERVICE_IDENT_NUMBER,CONTRACT_ID,EXTENDS_PARAMETER,EXTENDS_PARAMETER_ITERANCE)
VALUES (150,'2020/04/14 17:08:34.722','COTOS_BATCH_USER','2020/04/15 16:55:05.235',01396119,5,300,'リコー　モバイル　通信サービス',0,'CS2020041400140',150, NULL ,'{"extendsParameterList":[{"id":1,"contractType":"新規","productCode":"915868","productName":"リコーモバイル通信サービス　データＳＩＭ（Ｓ）２ＧＢ　月額利用料","lineNumber":"11111","serialNumber":"01","device":"TESTDATA","invoiceNumber":"11"},{"id":2,"contractType":"新規","productCode":"915868","productName":"リコーモバイル通信サービス　データＳＩＭ（Ｓ）２ＧＢ　月額利用料","lineNumber":"22222","serialNumber":"02","device":"TESTDATA","invoiceNumber":"22"},{"id":3,"contractType":"新規","productCode":"915869","productName":"リコーモバイル通信サービス　データＳＩＭ（Ｓ）５ＧＢ　月額利用料","lineNumber":"33333","serialNumber":"3","device":"TESTDATA","invoiceNumber":"33"},{"id":4,"contractType":"新規","productCode":"915869","productName":"リコーモバイル通信サービス　データＳＩＭ（Ｓ）５ＧＢ　月額利用料","lineNumber":"44444","serialNumber":"4","device":"TESTDATA","invoiceNumber":"44"},{"id":5,"contractType":"新規","productCode":"915870","productName":"リコーモバイル通信サービス　データＳＩＭ（Ｓ）１０ＧＢ　月額利用料","lineNumber":"55555","serialNumber":"5","device":"TESTDATA","invoiceNumber":"55"},{"id":6,"contractType":"新規","productCode":"915870","productName":"リコーモバイル通信サービス　データＳＩＭ（Ｓ）１０ＧＢ　月額利用料","lineNumber":"66666","serialNumber":"6","device":"TESTDATA","invoiceNumber":"66"},{"id":7,"contractType":"新規","productCode":"915871","productName":"リコーモバイル通信サービス　データＳＩＭ（Ｓ）２０ＧＢ　月額利用料","lineNumber":"77777","serialNumber":"7","device":"TESTDATA","invoiceNumber":"77"},{"id":8,"contractType":"新規","productCode":"915871","productName":"リコーモバイル通信サービス　データＳＩＭ（Ｓ）２０ＧＢ　月額利用料","lineNumber":"88888","serialNumber":"8","device":"TESTDATA","invoiceNumber":"88"}]}');
INSERT INTO CONTRACT (ID,CREATED_AT,CREATED_USER_ID,UPDATED_AT,UPDATED_USER_ID,VERSION,CONTRACT_TYPE,PRODUCT_GRP_MASTER_ID,LIFECYCLE_STATUS,WORKFLOW_STATUS,IMMUTABLE_CONT_IDENT_NUMBER,CASE_NUMBER,CASE_TITLE,CONTRACT_NUMBER,CONTRACT_BRANCH_NUMBER,CONTRACT_TITLE,ORIGIN_CONTRACT_NUMBER,ORIGIN_CONTRACT_BRANCH_NUMBER,ORIGIN_CONTRACT_ID,CHANGE_PREFERRED_DATE,CONTRACT_DATE,ACCOUNT_SALES_FLG,BILLING_DATE,SERVICE_TERM_START,SERVICE_TERM_END,CANCEL_SCHEDULED_DATE,ESTIMATION_NUMBER,ESTIMATION_BRANCH_NUMBER,ESTIMATION_ID,ESTIMATION_TITLE,COMMERCIAL_FLOW_DIV,ISSUE_FORMAT,BILLING_CUSTOMER_SP_CODE,BILLING_CUSTOMER_SP_NAME,PAYMENT_TERMS,PAYMENT_METHOD,CANCEL_REASON,CANCEL_REASON_ETC,EXTENDS_PARAMETER,WEB_ORDER_NUMBER,RJ_MANAGE_NUMBER,BILLING_START_DATE,CANCEL_ORDER_NO,CONCLUSION_PREFERRED_DATE,APP_ID,IFS_LINKAGE_CSV_CREATE_STATUS,IFS_LINKAGE_CSV_CREATE_DATE,CONTRACT_AUTO_UPDATE_DATE,DELIVERY_CD,DELIVERY_NAME,ISSUE_TAX_CODE_VALUE,CONTACT_NO,SS_WORK_REQUEST_CREATE_STATUS,APPLICATION_DATE,ACCEPTANCE_DATE,INSTALL_DELIVERY_SITE_ID,CANCEL_DECISION_DATE,FIXED_DATE,SALE_DIV,VENDOR_MANAGE_NUMBER,MANUAL_UPDATE_FLG,ITEM_ADD_STATUS,CANCEL_APPLICATION_DATE)
VALUES (160,'2020/04/14 17:08:34.508','COTOS_BATCH_USER','2020/04/15 16:55:05.235',01396119,29,1,300,6,7,'CIC202004140140', NULL , NULL ,'CC2020041600160',1, NULL , NULL , NULL , NULL , NULL ,'2020/04/15',1, NULL ,'2020/02/04', NULL , NULL ,'CE2020041400160',1,140,'SIMテスト4',1, NULL ,50510165051,'トヨタホーム株式＊＊', NULL , NULL , NULL , NULL ,'{"cpqTransactionId":"38970778","cpqReConfigUrl":"https://ricohtest2.bigmachines.com/commerce/new_equipment/products/model_configs.jsp?_from_punchin=true&actionVarName=addLineItem_t&id=38970778&product_line=telecommunication&model=ricohSim&segment=communication&bm_sales_root_bom_item_id=abo_29f99d54-93ce-43b3-aefb-f052738a54c3&configContextKey=6a7e9dc5-5548-42cc-858b-45103eace31b&reconfigFlg=true"}', NULL ,'T020000021','2020/06/01', NULL ,'2020/05/04','cotos_batch',0, NULL , NULL , NULL , NULL ,10,22200000001,0,'2020/04/14', NULL , NULL , NULL ,TO_DATE('2020/04/15 10:40:24','YYYY/MM/DD HH24:MI:SS'), NULL , NULL ,0, NULL , NULL );
INSERT INTO CONTRACT_PIC_SA_EMP (ID,CREATED_AT,CREATED_USER_ID,UPDATED_AT,UPDATED_USER_ID,VERSION,MOM_EMPLOYEE_ID,MOM_ORG_ID,ORG_HIERARCHY_LEVEL,ORG_NAME,SALES_COMPANY_NAME,ORG_PHONE_NUMBER,EMPLOYEE_NAME,SALES_DEPARTMENT_NAME,POST_NUMBER,ADDRESS,PHONE_NUMBER,FAX_NUMBER,MAIL_ADDRESS,CONTRACT_ID,EXTENDS_PARAMETER,MOM_KJB_SYSTEM_ID,MOM_CUST_ID,SALES_COMPANY_NAME_KANA,COMPANY_REPRESENTATIVE_NAME,COMPANY_REPRESENTATIVE_NAME_KANA)
VALUES (160,'2020/04/14 17:08:34.737','COTOS_BATCH_USER', NULL , NULL ,0,00229746,0913430,4,'販売事業本部　北海道支社　札幌南西営業部　南西第一営業所　','Ｒジャパン（北海道）','050-3534-4277','一戸満','販売事業本部　北海道支社　札幌南西営業部　南西第一営業所　',0600007,'北海道札幌市中央区北七条西１３丁目９－１　塚本ビル７号館　４Ｆ', NULL , NULL ,'zpg_jpi_st_mail01@nts.ricoh.co.jp',160, NULL , NULL , NULL , NULL , NULL , NULL );
INSERT INTO PRODUCT_CONTRACT (ID,CREATED_AT,CREATED_USER_ID,UPDATED_AT,UPDATED_USER_ID,VERSION,PRODUCT_MASTER_ID,PRODUCT_CONTRACT_NAME,REP_ITEM_MASTER_ID,SERVICE_IDENT_NUMBER,CONTRACT_ID,EXTENDS_PARAMETER,EXTENDS_PARAMETER_ITERANCE)
VALUES (160,'2020/04/14 17:08:34.722','COTOS_BATCH_USER','2020/04/15 16:55:05.235',01396119,5,300,'リコー　モバイル　通信サービス',0,'CS2020041400140',160, NULL ,'{"extendsParameterList":[{"id":1,"contractType":"新規","productCode":"915868","productName":"リコーモバイル通信サービス　データＳＩＭ（Ｓ）２ＧＢ　月額利用料","lineNumber":"11111","serialNumber":"01","device":"TESTDATA","invoiceNumber":"11"},{"id":2,"contractType":"新規","productCode":"915868","productName":"リコーモバイル通信サービス　データＳＩＭ（Ｓ）２ＧＢ　月額利用料","lineNumber":"22222","serialNumber":"02","device":"","invoiceNumber":"22"},{"id":3,"contractType":"新規","productCode":"915869","productName":"リコーモバイル通信サービス　データＳＩＭ（Ｓ）５ＧＢ　月額利用料","lineNumber":"33333","serialNumber":"3","device":"TEST","invoiceNumber":"33"},{"id":4,"contractType":"新規","productCode":"915869","productName":"リコーモバイル通信サービス　データＳＩＭ（Ｓ）５ＧＢ　月額利用料","lineNumber":"44444","serialNumber":"4","device":"","invoiceNumber":"44"},{"id":5,"contractType":"新規","productCode":"915870","productName":"リコーモバイル通信サービス　データＳＩＭ（Ｓ）１０ＧＢ　月額利用料","lineNumber":"55555","serialNumber":"5","device":"","invoiceNumber":"55"},{"id":6,"contractType":"新規","productCode":"915870","productName":"リコーモバイル通信サービス　データＳＩＭ（Ｓ）１０ＧＢ　月額利用料","lineNumber":"66666","serialNumber":"6","device":"","invoiceNumber":"66"},{"id":7,"contractType":"新規","productCode":"915871","productName":"リコーモバイル通信サービス　データＳＩＭ（Ｓ）２０ＧＢ　月額利用料","lineNumber":"77777","serialNumber":"7","device":"","invoiceNumber":"77"},{"id":8,"contractType":"新規","productCode":"915871","productName":"リコーモバイル通信サービス　データＳＩＭ（Ｓ）２０ＧＢ　月額利用料","lineNumber":"88888","serialNumber":"8","device":"","invoiceNumber":"88"}]}');
INSERT INTO CONTRACT (ID,CREATED_AT,CREATED_USER_ID,UPDATED_AT,UPDATED_USER_ID,VERSION,CONTRACT_TYPE,PRODUCT_GRP_MASTER_ID,LIFECYCLE_STATUS,WORKFLOW_STATUS,IMMUTABLE_CONT_IDENT_NUMBER,CASE_NUMBER,CASE_TITLE,CONTRACT_NUMBER,CONTRACT_BRANCH_NUMBER,CONTRACT_TITLE,ORIGIN_CONTRACT_NUMBER,ORIGIN_CONTRACT_BRANCH_NUMBER,ORIGIN_CONTRACT_ID,CHANGE_PREFERRED_DATE,CONTRACT_DATE,ACCOUNT_SALES_FLG,BILLING_DATE,SERVICE_TERM_START,SERVICE_TERM_END,CANCEL_SCHEDULED_DATE,ESTIMATION_NUMBER,ESTIMATION_BRANCH_NUMBER,ESTIMATION_ID,ESTIMATION_TITLE,COMMERCIAL_FLOW_DIV,ISSUE_FORMAT,BILLING_CUSTOMER_SP_CODE,BILLING_CUSTOMER_SP_NAME,PAYMENT_TERMS,PAYMENT_METHOD,CANCEL_REASON,CANCEL_REASON_ETC,EXTENDS_PARAMETER,WEB_ORDER_NUMBER,RJ_MANAGE_NUMBER,BILLING_START_DATE,CANCEL_ORDER_NO,CONCLUSION_PREFERRED_DATE,APP_ID,IFS_LINKAGE_CSV_CREATE_STATUS,IFS_LINKAGE_CSV_CREATE_DATE,CONTRACT_AUTO_UPDATE_DATE,DELIVERY_CD,DELIVERY_NAME,ISSUE_TAX_CODE_VALUE,CONTACT_NO,SS_WORK_REQUEST_CREATE_STATUS,APPLICATION_DATE,ACCEPTANCE_DATE,INSTALL_DELIVERY_SITE_ID,CANCEL_DECISION_DATE,FIXED_DATE,SALE_DIV,VENDOR_MANAGE_NUMBER,MANUAL_UPDATE_FLG,ITEM_ADD_STATUS,CANCEL_APPLICATION_DATE)
VALUES (170,'2020/04/14 17:08:34.508','COTOS_BATCH_USER','2020/04/15 16:55:05.235',01396119,29,1,200,6,7,'CIC202004140140', NULL , NULL ,'CC2020041700170',1, NULL , NULL , NULL , NULL , NULL ,'2020/04/15',1, NULL ,'2020/02/04', NULL , NULL ,'CE2020041400170',1,140,'SIMテスト4',1, NULL ,50510165051,'トヨタホーム株式＊＊', NULL , NULL , NULL , NULL ,'{"cpqTransactionId":"38970778","cpqReConfigUrl":"https://ricohtest2.bigmachines.com/commerce/new_equipment/products/model_configs.jsp?_from_punchin=true&actionVarName=addLineItem_t&id=38970778&product_line=telecommunication&model=ricohSim&segment=communication&bm_sales_root_bom_item_id=abo_29f99d54-93ce-43b3-aefb-f052738a54c3&configContextKey=6a7e9dc5-5548-42cc-858b-45103eace31b&reconfigFlg=true"}', NULL ,'T020000021','2020/06/01', NULL ,'2020/05/04','cotos_batch',0, NULL , NULL , NULL , NULL ,10,22200000001,0,'2020/04/14', NULL , NULL , NULL ,TO_DATE('2020/04/15 10:40:24','YYYY/MM/DD HH24:MI:SS'), NULL , NULL ,0, NULL , NULL );
INSERT INTO CONTRACT_PIC_SA_EMP (ID,CREATED_AT,CREATED_USER_ID,UPDATED_AT,UPDATED_USER_ID,VERSION,MOM_EMPLOYEE_ID,MOM_ORG_ID,ORG_HIERARCHY_LEVEL,ORG_NAME,SALES_COMPANY_NAME,ORG_PHONE_NUMBER,EMPLOYEE_NAME,SALES_DEPARTMENT_NAME,POST_NUMBER,ADDRESS,PHONE_NUMBER,FAX_NUMBER,MAIL_ADDRESS,CONTRACT_ID,EXTENDS_PARAMETER,MOM_KJB_SYSTEM_ID,MOM_CUST_ID,SALES_COMPANY_NAME_KANA,COMPANY_REPRESENTATIVE_NAME,COMPANY_REPRESENTATIVE_NAME_KANA)
VALUES (170,'2020/04/14 17:08:34.737','COTOS_BATCH_USER', NULL , NULL ,0,00229746,0913430,4,'販売事業本部　北海道支社　札幌南西営業部　南西第一営業所　','Ｒジャパン（北海道）','050-3534-4277','一戸満','販売事業本部　北海道支社　札幌南西営業部　南西第一営業所　',0600007,'北海道札幌市中央区北七条西１３丁目９－１　塚本ビル７号館　４Ｆ', NULL , NULL ,'zpg_jpi_st_mail01@nts.ricoh.co.jp',170, NULL , NULL , NULL , NULL , NULL , NULL );
INSERT INTO PRODUCT_CONTRACT (ID,CREATED_AT,CREATED_USER_ID,UPDATED_AT,UPDATED_USER_ID,VERSION,PRODUCT_MASTER_ID,PRODUCT_CONTRACT_NAME,REP_ITEM_MASTER_ID,SERVICE_IDENT_NUMBER,CONTRACT_ID,EXTENDS_PARAMETER,EXTENDS_PARAMETER_ITERANCE)
VALUES (170,'2020/04/14 17:08:34.722','COTOS_BATCH_USER','2020/04/15 16:55:05.235',01396119,5,200,'TESTDATA',0,'CS2020041400140',170, NULL , NULL );
INSERT INTO CONTRACT (ID,CREATED_AT,CREATED_USER_ID,UPDATED_AT,UPDATED_USER_ID,VERSION,CONTRACT_TYPE,PRODUCT_GRP_MASTER_ID,LIFECYCLE_STATUS,WORKFLOW_STATUS,IMMUTABLE_CONT_IDENT_NUMBER,CASE_NUMBER,CASE_TITLE,CONTRACT_NUMBER,CONTRACT_BRANCH_NUMBER,CONTRACT_TITLE,ORIGIN_CONTRACT_NUMBER,ORIGIN_CONTRACT_BRANCH_NUMBER,ORIGIN_CONTRACT_ID,CHANGE_PREFERRED_DATE,CONTRACT_DATE,ACCOUNT_SALES_FLG,BILLING_DATE,SERVICE_TERM_START,SERVICE_TERM_END,CANCEL_SCHEDULED_DATE,ESTIMATION_NUMBER,ESTIMATION_BRANCH_NUMBER,ESTIMATION_ID,ESTIMATION_TITLE,COMMERCIAL_FLOW_DIV,ISSUE_FORMAT,BILLING_CUSTOMER_SP_CODE,BILLING_CUSTOMER_SP_NAME,PAYMENT_TERMS,PAYMENT_METHOD,CANCEL_REASON,CANCEL_REASON_ETC,EXTENDS_PARAMETER,WEB_ORDER_NUMBER,RJ_MANAGE_NUMBER,BILLING_START_DATE,CANCEL_ORDER_NO,CONCLUSION_PREFERRED_DATE,APP_ID,IFS_LINKAGE_CSV_CREATE_STATUS,IFS_LINKAGE_CSV_CREATE_DATE,CONTRACT_AUTO_UPDATE_DATE,DELIVERY_CD,DELIVERY_NAME,ISSUE_TAX_CODE_VALUE,CONTACT_NO,SS_WORK_REQUEST_CREATE_STATUS,APPLICATION_DATE,ACCEPTANCE_DATE,INSTALL_DELIVERY_SITE_ID,CANCEL_DECISION_DATE,FIXED_DATE,SALE_DIV,VENDOR_MANAGE_NUMBER,MANUAL_UPDATE_FLG,ITEM_ADD_STATUS,CANCEL_APPLICATION_DATE)
VALUES (180,'2020/04/14 17:08:34.508','COTOS_BATCH_USER','2020/04/15 16:55:05.235',01396119,29,1,300,10,7,'CIC202004140140', NULL , NULL ,'CC2020041800180',1, NULL , NULL , NULL , NULL , NULL ,'2020/04/15',1, NULL ,'2020/02/03', NULL , NULL ,'CE2020041400180',1,140,'SIMテスト4',1, NULL ,50510165051,'トヨタホーム株式＊＊', NULL , NULL , NULL , NULL ,'{"cpqTransactionId":"38970778","cpqReConfigUrl":"https://ricohtest2.bigmachines.com/commerce/new_equipment/products/model_configs.jsp?_from_punchin=true&actionVarName=addLineItem_t&id=38970778&product_line=telecommunication&model=ricohSim&segment=communication&bm_sales_root_bom_item_id=abo_29f99d54-93ce-43b3-aefb-f052738a54c3&configContextKey=6a7e9dc5-5548-42cc-858b-45103eace31b&reconfigFlg=true"}', NULL ,'T020000021','2020/06/01', NULL ,'2020/05/04','cotos_batch',0, NULL , NULL , NULL , NULL ,10,22200000001,0,'2020/04/14', NULL , NULL , NULL ,TO_DATE('2020/04/15 10:40:24','YYYY/MM/DD HH24:MI:SS'), NULL , NULL ,0, NULL , NULL );
INSERT INTO CONTRACT_PIC_SA_EMP (ID,CREATED_AT,CREATED_USER_ID,UPDATED_AT,UPDATED_USER_ID,VERSION,MOM_EMPLOYEE_ID,MOM_ORG_ID,ORG_HIERARCHY_LEVEL,ORG_NAME,SALES_COMPANY_NAME,ORG_PHONE_NUMBER,EMPLOYEE_NAME,SALES_DEPARTMENT_NAME,POST_NUMBER,ADDRESS,PHONE_NUMBER,FAX_NUMBER,MAIL_ADDRESS,CONTRACT_ID,EXTENDS_PARAMETER,MOM_KJB_SYSTEM_ID,MOM_CUST_ID,SALES_COMPANY_NAME_KANA,COMPANY_REPRESENTATIVE_NAME,COMPANY_REPRESENTATIVE_NAME_KANA)
VALUES (180,'2020/04/14 17:08:34.737','COTOS_BATCH_USER', NULL , NULL ,0,00229746,0913430,4,'販売事業本部　北海道支社　札幌南西営業部　南西第一営業所　','Ｒジャパン（北海道）','050-3534-4277','一戸満','販売事業本部　北海道支社　札幌南西営業部　南西第一営業所　',0600007,'北海道札幌市中央区北七条西１３丁目９－１　塚本ビル７号館　４Ｆ', NULL , NULL ,'zpg_jpi_st_mail01@nts.ricoh.co.jp',180, NULL , NULL , NULL , NULL , NULL , NULL );
INSERT INTO PRODUCT_CONTRACT (ID,CREATED_AT,CREATED_USER_ID,UPDATED_AT,UPDATED_USER_ID,VERSION,PRODUCT_MASTER_ID,PRODUCT_CONTRACT_NAME,REP_ITEM_MASTER_ID,SERVICE_IDENT_NUMBER,CONTRACT_ID,EXTENDS_PARAMETER,EXTENDS_PARAMETER_ITERANCE)
VALUES (180,'2020/04/14 17:08:34.722','COTOS_BATCH_USER','2020/04/15 16:55:05.235',01396119,5,300,'リコー　モバイル　通信サービス',0,'CS2020041400140',180, NULL ,'{"extendsParameterList":[{"id":1,"contractType":"新規","productCode":"915868","productName":"リコーモバイル通信サービス　データＳＩＭ（Ｓ）２ＧＢ　月額利用料","lineNumber":"11111","serialNumber":"01","device":"TESTDATA","invoiceNumber":"11"},{"id":2,"contractType":"新規","productCode":"915868","productName":"リコーモバイル通信サービス　データＳＩＭ（Ｓ）２ＧＢ　月額利用料","lineNumber":"22222","serialNumber":"02","device":"","invoiceNumber":"22"},{"id":3,"contractType":"新規","productCode":"915869","productName":"リコーモバイル通信サービス　データＳＩＭ（Ｓ）５ＧＢ　月額利用料","lineNumber":"33333","serialNumber":"3","device":"TEST","invoiceNumber":"33"},{"id":4,"contractType":"新規","productCode":"915869","productName":"リコーモバイル通信サービス　データＳＩＭ（Ｓ）５ＧＢ　月額利用料","lineNumber":"44444","serialNumber":"4","device":"","invoiceNumber":"44"},{"id":5,"contractType":"新規","productCode":"915870","productName":"リコーモバイル通信サービス　データＳＩＭ（Ｓ）１０ＧＢ　月額利用料","lineNumber":"55555","serialNumber":"5","device":"","invoiceNumber":"55"},{"id":6,"contractType":"新規","productCode":"915870","productName":"リコーモバイル通信サービス　データＳＩＭ（Ｓ）１０ＧＢ　月額利用料","lineNumber":"66666","serialNumber":"6","device":"","invoiceNumber":"66"},{"id":7,"contractType":"新規","productCode":"915871","productName":"リコーモバイル通信サービス　データＳＩＭ（Ｓ）２０ＧＢ　月額利用料","lineNumber":"77777","serialNumber":"7","device":"","invoiceNumber":"77"},{"id":8,"contractType":"新規","productCode":"915871","productName":"リコーモバイル通信サービス　データＳＩＭ（Ｓ）２０ＧＢ　月額利用料","lineNumber":"88888","serialNumber":"8","device":"","invoiceNumber":"88"}]}');