INSERT INTO contract (id,created_at,created_user_id,updated_at,updated_user_id,version,contract_type,product_grp_master_id,lifecycle_status,workflow_status,immutable_cont_ident_number,case_number,case_title,contract_number,contract_branch_number,contract_title,origin_contract_number,origin_contract_branch_number,origin_contract_id,change_preferred_date,contract_date,account_sales_flg,billing_date,service_term_start,service_term_end,cancel_scheduled_date,estimation_number,estimation_branch_number,estimation_id,estimation_title,commercial_flow_div,issue_format,billing_customer_sp_code,billing_customer_sp_name,payment_terms,payment_method,extends_parameter,cancel_reason,cancel_reason_etc,web_order_number,rj_manage_number,billing_start_date) VALUES (1,'2018/11/26 12:09:10','COTOSforSim','2018/11/26 12:09:10','COTOSforSim',1,'1',12,'6','1','CIC2018112600001',null,'01','CC2018112600001',1,'RICOH Smart Integretion',null,null,null,null,null,1,'2018/11/17','2018/11/16','2019/11/15','2020/11/16',null,null,null,null,'1','1','1',null,null,null,'{"applicationsInfomation": {"properties": {"basicContents": {"properties": {"tenantId": "1"}}}}}',null,null,'RSIC000001','RKOR000001','2018/11/17');
INSERT INTO contract (id,created_at,created_user_id,updated_at,updated_user_id,version,contract_type,product_grp_master_id,lifecycle_status,workflow_status,immutable_cont_ident_number,case_number,case_title,contract_number,contract_branch_number,contract_title,origin_contract_number,origin_contract_branch_number,origin_contract_id,change_preferred_date,contract_date,account_sales_flg,billing_date,service_term_start,service_term_end,cancel_scheduled_date,estimation_number,estimation_branch_number,estimation_id,estimation_title,commercial_flow_div,issue_format,billing_customer_sp_code,billing_customer_sp_name,payment_terms,payment_method,extends_parameter,cancel_reason,cancel_reason_etc,web_order_number,rj_manage_number,billing_start_date) VALUES (2,'2018/11/26 12:09:10','COTOSforSim','2018/11/26 12:09:10','COTOSforSim',1,'1',12,'6','1','CIC2018112600001',null,'01','CC2018112600001',1,'RICOH Smart Integretion',null,null,null,null,null,1,'2018/11/17','2018/11/16','2019/11/15','2020/11/16',null,null,null,null,'1','1','1',null,null,null,'{"applicationsInfomation": {"properties": {"basicContents": {"properties": {"tenantId": "1"}}}}}',null,null,'RSIC000001','RKOR000001','2018/11/17');
INSERT INTO contract (id,created_at,created_user_id,updated_at,updated_user_id,version,contract_type,product_grp_master_id,lifecycle_status,workflow_status,immutable_cont_ident_number,case_number,case_title,contract_number,contract_branch_number,contract_title,origin_contract_number,origin_contract_branch_number,origin_contract_id,change_preferred_date,contract_date,account_sales_flg,billing_date,service_term_start,service_term_end,cancel_scheduled_date,estimation_number,estimation_branch_number,estimation_id,estimation_title,commercial_flow_div,issue_format,billing_customer_sp_code,billing_customer_sp_name,payment_terms,payment_method,extends_parameter,cancel_reason,cancel_reason_etc,web_order_number,rj_manage_number,billing_start_date) VALUES (3,'2018/11/26 12:09:10','COTOSforSim','2018/11/26 12:09:10','COTOSforSim',1,'1',12,'6','1','CIC2018112600001',null,'01','CC2018112600001',1,'RICOH Smart Integretion',null,null,null,null,null,1,'2018/11/17','2018/11/16','2019/11/15','2020/11/16',null,null,null,null,'1','1','1',null,null,null,'{"applicationsInfomation": {"properties": {"basicContents": {"properties": {"tenantId": "1"}}}}}',null,null,'RSIC000001','RKOR000001','2018/11/17');
INSERT INTO contract (id,created_at,created_user_id,updated_at,updated_user_id,version,contract_type,product_grp_master_id,lifecycle_status,workflow_status,immutable_cont_ident_number,case_number,case_title,contract_number,contract_branch_number,contract_title,origin_contract_number,origin_contract_branch_number,origin_contract_id,change_preferred_date,contract_date,account_sales_flg,billing_date,service_term_start,service_term_end,cancel_scheduled_date,estimation_number,estimation_branch_number,estimation_id,estimation_title,commercial_flow_div,issue_format,billing_customer_sp_code,billing_customer_sp_name,payment_terms,payment_method,extends_parameter,cancel_reason,cancel_reason_etc,web_order_number,rj_manage_number,billing_start_date) VALUES (4,'2018/11/26 12:09:10','COTOSforSim','2018/11/26 12:09:10','COTOSforSim',1,'1',12,'6','1','CIC2018112600001',null,'01','CC2018112600001',1,'RICOH Smart Integretion',null,null,null,null,null,1,'2018/11/17','2018/11/16','2019/11/15','2020/11/16',null,null,null,null,'1','1','1',null,null,null,'{"applicationsInfomation": {"properties": {"basicContents": {"properties": {"tenantId": "1"}}}}}',null,null,'RSIC000001','RKOR000001','2018/11/17');
INSERT INTO contract (id,created_at,created_user_id,updated_at,updated_user_id,version,contract_type,product_grp_master_id,lifecycle_status,workflow_status,immutable_cont_ident_number,case_number,case_title,contract_number,contract_branch_number,contract_title,origin_contract_number,origin_contract_branch_number,origin_contract_id,change_preferred_date,contract_date,account_sales_flg,billing_date,service_term_start,service_term_end,cancel_scheduled_date,estimation_number,estimation_branch_number,estimation_id,estimation_title,commercial_flow_div,issue_format,billing_customer_sp_code,billing_customer_sp_name,payment_terms,payment_method,extends_parameter,cancel_reason,cancel_reason_etc,web_order_number,rj_manage_number,billing_start_date) VALUES (5,'2018/11/26 12:09:10','COTOSforSim','2018/11/26 12:09:10','COTOSforSim',1,'1',12,'6','1','CIC2018112600001',null,'01','CC2018112600001',1,'RICOH Smart Integretion',null,null,null,null,null,1,'2018/11/17','2018/11/16','2019/11/15','2020/11/16',null,null,null,null,'1','1','1',null,null,null,'{"applicationsInfomation": {"properties": {"basicContents": {"properties": {"tenantId": "1"}}}}}',null,null,'RSIC000001','RKOR000001','2018/11/17');
INSERT INTO contract (id,created_at,created_user_id,updated_at,updated_user_id,version,contract_type,product_grp_master_id,lifecycle_status,workflow_status,immutable_cont_ident_number,case_number,case_title,contract_number,contract_branch_number,contract_title,origin_contract_number,origin_contract_branch_number,origin_contract_id,change_preferred_date,contract_date,account_sales_flg,billing_date,service_term_start,service_term_end,cancel_scheduled_date,estimation_number,estimation_branch_number,estimation_id,estimation_title,commercial_flow_div,issue_format,billing_customer_sp_code,billing_customer_sp_name,payment_terms,payment_method,extends_parameter,cancel_reason,cancel_reason_etc,web_order_number,rj_manage_number,billing_start_date) VALUES (6,'2018/11/26 12:09:10','COTOSforSim','2018/11/26 12:09:10','COTOSforSim',1,'1',12,'1','1','CIC2018112600001',null,'01','CC2018112600001',1,'RICOH Smart Integretion',null,null,null,null,null,1,'2018/11/17','2018/11/16','2019/11/15','2020/11/16',null,null,null,null,'1','1','1',null,null,null,'{"applicationsInfomation": {"properties": {"basicContents": {"properties": {"tenantId": "1"}}}}}',null,null,'RSIC000001','RKOR000001','2018/11/17');
INSERT INTO contract (id,created_at,created_user_id,updated_at,updated_user_id,version,contract_type,product_grp_master_id,lifecycle_status,workflow_status,immutable_cont_ident_number,case_number,case_title,contract_number,contract_branch_number,contract_title,origin_contract_number,origin_contract_branch_number,origin_contract_id,change_preferred_date,contract_date,account_sales_flg,billing_date,service_term_start,service_term_end,cancel_scheduled_date,estimation_number,estimation_branch_number,estimation_id,estimation_title,commercial_flow_div,issue_format,billing_customer_sp_code,billing_customer_sp_name,payment_terms,payment_method,extends_parameter,cancel_reason,cancel_reason_etc,web_order_number,rj_manage_number,billing_start_date) VALUES (7,'2018/11/26 12:09:10','COTOSforSim','2018/11/26 12:09:10','COTOSforSim',1,'1',100,'6','1','CIC2018112600001',null,'01','CC2018112600001',1,'RICOH Smart Integretion',null,null,null,null,null,1,'2018/11/17','2018/11/16','2019/11/15','2020/11/16',null,null,null,null,'1','1','1',null,null,null,'{"applicationsInfomation": {"properties": {"basicContents": {"properties": {"tenantId": "1"}}}}}',null,null,'RSIC000001','RKOR000001','2018/11/17');
INSERT INTO contract_detail (id,created_at,created_user_id,updated_at,updated_user_id,version,contract_id,state,quantity,amount_summary,detail_abstract,extends_parameter,running_account_sales_date,unit_price) VALUES (1,'2018/11/26 12:09:10','COTOSforSIM','2018/11/26 12:09:10','COTOSforSIM',1,1,'1',1,1500,null,null,'2020/01/01',1000);
INSERT INTO contract_detail (id,created_at,created_user_id,updated_at,updated_user_id,version,contract_id,state,quantity,amount_summary,detail_abstract,extends_parameter,running_account_sales_date,unit_price) VALUES (2,'2018/11/26 12:09:10','COTOSforSIM','2018/11/26 12:09:10','COTOSforSIM',1,1,'1',1,1500,null,null,null,1000);
INSERT INTO contract_detail (id,created_at,created_user_id,updated_at,updated_user_id,version,contract_id,state,quantity,amount_summary,detail_abstract,extends_parameter,running_account_sales_date,unit_price) VALUES (3,'2018/11/26 12:09:10','COTOSforSIM','2018/11/26 12:09:10','COTOSforSIM',1,1,'1',1,1500,null,null,'2050/01/01',1000);
INSERT INTO contract_detail (id,created_at,created_user_id,updated_at,updated_user_id,version,contract_id,state,quantity,amount_summary,detail_abstract,extends_parameter,running_account_sales_date,unit_price) VALUES (4,'2018/11/26 12:09:10','COTOSforSIM','2018/11/26 12:09:10','COTOSforSIM',1,1,'1',1,1500,null,null,'2020/01/01',1000);
INSERT INTO contract_detail (id,created_at,created_user_id,updated_at,updated_user_id,version,contract_id,state,quantity,amount_summary,detail_abstract,extends_parameter,running_account_sales_date,unit_price) VALUES (5,'2018/11/26 12:09:10','COTOSforSIM','2018/11/26 12:09:10','COTOSforSIM',1,1,'1',1,1500,null,null,'2020/01/01',1000);
INSERT INTO contract_detail (id,created_at,created_user_id,updated_at,updated_user_id,version,contract_id,state,quantity,amount_summary,detail_abstract,extends_parameter,running_account_sales_date,unit_price) VALUES (6,'2018/11/26 12:09:10','COTOSforSIM','2018/11/26 12:09:10','COTOSforSIM',1,1,'1',1,1500,null,null,'2020/01/01',1000);
INSERT INTO contract_detail (id,created_at,created_user_id,updated_at,updated_user_id,version,contract_id,state,quantity,amount_summary,detail_abstract,extends_parameter,running_account_sales_date,unit_price) VALUES (7,'2018/11/26 12:09:10','COTOSforSIM','2018/11/26 12:09:10','COTOSforSIM',1,1,'1',1,1500,null,null,'2020/01/01',1000);
INSERT INTO item_contract (id,created_at,created_user_id,updated_at,updated_user_id,version,item_master_id,product_master_id,item_contract_name,ricoh_item_code,item_type,cost_type,partition_price,contract_detail_id,bp_cd,r_cost,rj_purchase_price,rj_dividing_price,mother_store_price,tax_flag) VALUES (1,'2018/11/26 12:09:10','COTOSforSIM','2018/11/26 12:09:10','COTOSforSIM',1,489,5,'データSIM Type-S 2GB','SI0001','1','2',1980,1,'1',1350,1283,1154,1038,null);
INSERT INTO item_contract (id,created_at,created_user_id,updated_at,updated_user_id,version,item_master_id,product_master_id,item_contract_name,ricoh_item_code,item_type,cost_type,partition_price,contract_detail_id,bp_cd,r_cost,rj_purchase_price,rj_dividing_price,mother_store_price,tax_flag) VALUES (2,'2018/11/26 12:09:10','COTOSforSIM','2018/11/26 12:09:10','COTOSforSIM',1,489,5,'データSIM Type-S 2GB','SI0001','1','4',1980,2,'1',1350,1283,1154,1038,null);
INSERT INTO item_contract (id,created_at,created_user_id,updated_at,updated_user_id,version,item_master_id,product_master_id,item_contract_name,ricoh_item_code,item_type,cost_type,partition_price,contract_detail_id,bp_cd,r_cost,rj_purchase_price,rj_dividing_price,mother_store_price,tax_flag) VALUES (3,'2018/11/26 12:09:10','COTOSforSIM','2018/11/26 12:09:10','COTOSforSIM',1,489,5,'データSIM Type-S 2GB','SI0001','1','2',1980,3,'1',1350,1283,1154,1038,null);
INSERT INTO item_contract (id,created_at,created_user_id,updated_at,updated_user_id,version,item_master_id,product_master_id,item_contract_name,ricoh_item_code,item_type,cost_type,partition_price,contract_detail_id,bp_cd,r_cost,rj_purchase_price,rj_dividing_price,mother_store_price,tax_flag) VALUES (4,'2018/11/26 12:09:10','COTOSforSIM','2018/11/26 12:09:10','COTOSforSIM',1,489,5,'データSIM Type-S 2GB','SI0001','1','1',1980,4,'1',1350,1283,1154,1038,null);
INSERT INTO item_contract (id,created_at,created_user_id,updated_at,updated_user_id,version,item_master_id,product_master_id,item_contract_name,ricoh_item_code,item_type,cost_type,partition_price,contract_detail_id,bp_cd,r_cost,rj_purchase_price,rj_dividing_price,mother_store_price,tax_flag) VALUES (5,'2018/11/26 12:09:10','COTOSforSIM','2018/11/26 12:09:10','COTOSforSIM',1,489,5,'データSIM Type-S 2GB','SI0001','1','2',1980,5,'1',1350,1283,1154,1038,null);
INSERT INTO item_contract (id,created_at,created_user_id,updated_at,updated_user_id,version,item_master_id,product_master_id,item_contract_name,ricoh_item_code,item_type,cost_type,partition_price,contract_detail_id,bp_cd,r_cost,rj_purchase_price,rj_dividing_price,mother_store_price,tax_flag) VALUES (6,'2018/11/26 12:09:10','COTOSforSIM','2018/11/26 12:09:10','COTOSforSIM',1,489,5,'データSIM Type-S 2GB','SI0001','1','2',1980,6,'1',1350,1283,1154,1038,null);
INSERT INTO item_contract (id,created_at,created_user_id,updated_at,updated_user_id,version,item_master_id,product_master_id,item_contract_name,ricoh_item_code,item_type,cost_type,partition_price,contract_detail_id,bp_cd,r_cost,rj_purchase_price,rj_dividing_price,mother_store_price,tax_flag) VALUES (7,'2018/11/26 12:09:10','COTOSforSIM','2018/11/26 12:09:10','COTOSforSIM',1,1003,200,'RICOH カンタンストレージ活用 for Box 月額契約','311266','1','2',1500,7,'1',1350,1283,1154,1038,null);
INSERT INTO item_detail_contract (id,created_at,created_user_id,updated_at,updated_user_id,version,price,trans_to_service_org_code,trans_to_service_org_name,initial_running_div,item_contract_id) VALUES (1,'2018/09/19 12:09:10','COTOS','2018/09/19 12:09:10','COTOS',1,10000.00,'0754320','振替先課所名1','2',1);
INSERT INTO item_detail_contract (id,created_at,created_user_id,updated_at,updated_user_id,version,price,trans_to_service_org_code,trans_to_service_org_name,initial_running_div,item_contract_id) VALUES (2,'2018/09/19 12:09:10','COTOS','2018/09/19 12:09:10','COTOS',1,10000.00,'0754320','振替先課所名1','2',2);
INSERT INTO item_detail_contract (id,created_at,created_user_id,updated_at,updated_user_id,version,price,trans_to_service_org_code,trans_to_service_org_name,initial_running_div,item_contract_id) VALUES (3,'2018/09/19 12:09:10','COTOS','2018/09/19 12:09:10','COTOS',1,10000.00,'0754320','振替先課所名1','2',3);
INSERT INTO item_detail_contract (id,created_at,created_user_id,updated_at,updated_user_id,version,price,trans_to_service_org_code,trans_to_service_org_name,initial_running_div,item_contract_id) VALUES (4,'2018/09/19 12:09:10','COTOS','2018/09/19 12:09:10','COTOS',1,10000.00,'0754320','振替先課所名1','2',4);
INSERT INTO item_detail_contract (id,created_at,created_user_id,updated_at,updated_user_id,version,price,trans_to_service_org_code,trans_to_service_org_name,initial_running_div,item_contract_id) VALUES (5,'2018/09/19 12:09:10','COTOS','2018/09/19 12:09:10','COTOS',1,10000.00,'0754320','振替先課所名1','1',5);
INSERT INTO item_detail_contract (id,created_at,created_user_id,updated_at,updated_user_id,version,price,trans_to_service_org_code,trans_to_service_org_name,initial_running_div,item_contract_id) VALUES (6,'2018/09/19 12:09:10','COTOS','2018/09/19 12:09:10','COTOS',1,10000.00,'0754320','振替先課所名1','2',6);
INSERT INTO item_detail_contract (id,created_at,created_user_id,updated_at,updated_user_id,version,price,trans_to_service_org_code,trans_to_service_org_name,initial_running_div,item_contract_id) VALUES (7,'2018/09/19 12:09:10','COTOS','2018/09/19 12:09:10','COTOS',1,10000.00,'0754320','振替先課所名1','2',7);
INSERT INTO product_contract (id,created_at,created_user_id,updated_at,updated_user_id,version,product_master_id,product_contract_name,rep_item_master_id,service_ident_number,contract_id,extends_parameter) VALUES (1,'2018/09/19 12:09:10','COTOS','2018/09/19 12:09:10','COTOS',1,5,'RICOH SIM(SB)',0,'CS2018091900401',1,'dummy_extends_parameter_401');
INSERT INTO product_contract (id,created_at,created_user_id,updated_at,updated_user_id,version,product_master_id,product_contract_name,rep_item_master_id,service_ident_number,contract_id,extends_parameter) VALUES (2,'2018/09/19 12:09:10','COTOS','2018/09/19 12:09:10','COTOS',1,5,'RICOH SIM(SB)',0,'CS2018091900401',2,'dummy_extends_parameter_401');
INSERT INTO product_contract (id,created_at,created_user_id,updated_at,updated_user_id,version,product_master_id,product_contract_name,rep_item_master_id,service_ident_number,contract_id,extends_parameter) VALUES (3,'2018/09/19 12:09:10','COTOS','2018/09/19 12:09:10','COTOS',1,5,'RICOH SIM(SB)',0,'CS2018091900401',3,'dummy_extends_parameter_401');
INSERT INTO product_contract (id,created_at,created_user_id,updated_at,updated_user_id,version,product_master_id,product_contract_name,rep_item_master_id,service_ident_number,contract_id,extends_parameter) VALUES (4,'2018/09/19 12:09:10','COTOS','2018/09/19 12:09:10','COTOS',1,5,'RICOH SIM(SB)',0,'CS2018091900401',4,'dummy_extends_parameter_401');
INSERT INTO product_contract (id,created_at,created_user_id,updated_at,updated_user_id,version,product_master_id,product_contract_name,rep_item_master_id,service_ident_number,contract_id,extends_parameter) VALUES (5,'2018/09/19 12:09:10','COTOS','2018/09/19 12:09:10','COTOS',1,5,'RICOH SIM(SB)',0,'CS2018091900401',5,'dummy_extends_parameter_401');
INSERT INTO product_contract (id,created_at,created_user_id,updated_at,updated_user_id,version,product_master_id,product_contract_name,rep_item_master_id,service_ident_number,contract_id,extends_parameter) VALUES (6,'2018/09/19 12:09:10','COTOS','2018/09/19 12:09:10','COTOS',1,5,'RICOH SIM(SB)',0,'CS2018091900401',6,'dummy_extends_parameter_401');
INSERT INTO product_contract (id,created_at,created_user_id,updated_at,updated_user_id,version,product_master_id,product_contract_name,rep_item_master_id,service_ident_number,contract_id,extends_parameter) VALUES (7,'2018/09/19 12:09:10','COTOS','2018/09/19 12:09:10','COTOS',1,200,'クラウドサービス for Ｏｆｆｉｃｅ３６５',11,'CS2018091900401',7,'dummy_extends_parameter_401');
INSERT INTO customer_contract (id,created_at,created_user_id,updated_at,updated_user_id,version,mom_kjb_system_id,mom_cust_id,company_id,office_id,department_div,customer_name,company_name,company_name_kana,office_name,department_name,post_number,address,phone_number,fax_number,company_representative_name,company_representative_name_kana,pic_name,pic_name_kana,pic_dept_name,pic_phone_number,pic_fax_number,pic_mail_address,contract_id) VALUES (1,'2018/09/19 12:09:10','COTOSforSIM','2018/09/19 12:09:10','COTOSforSIM',1,'000000003985825','000000002773772','000000002033411','000000001269962','2','dummy_customer_name_401','dummy_company_name_401','','dummy_office_name_401','dummy_department_name_401','dummy_post_number_401','dummy_address_401','dummy_phone_number_401','dummy_fax_number_401','dummy_company_representative_name_401','dummy_company_representative_name_kana_401','dummy_pic_name_401','dummy_pic_name_kana_401','dummy_pic_dept_name_401','dummy_pic_phone_number_401','dummy_pic_fax_number_401','dummy_pic_mail_address_401',1);
INSERT INTO customer_contract (id,created_at,created_user_id,updated_at,updated_user_id,version,mom_kjb_system_id,mom_cust_id,company_id,office_id,department_div,customer_name,company_name,company_name_kana,office_name,department_name,post_number,address,phone_number,fax_number,company_representative_name,company_representative_name_kana,pic_name,pic_name_kana,pic_dept_name,pic_phone_number,pic_fax_number,pic_mail_address,contract_id) VALUES (2,'2018/09/19 12:09:10','COTOSforSIM','2018/09/19 12:09:10','COTOSforSIM',1,'000000003985825','000000002773772','000000002033411','000000001269962','2','dummy_customer_name_401','dummy_company_name_401','','dummy_office_name_401','dummy_department_name_401','dummy_post_number_401','dummy_address_401','dummy_phone_number_401','dummy_fax_number_401','dummy_company_representative_name_401','dummy_company_representative_name_kana_401','dummy_pic_name_401','dummy_pic_name_kana_401','dummy_pic_dept_name_401','dummy_pic_phone_number_401','dummy_pic_fax_number_401','dummy_pic_mail_address_401',2);
INSERT INTO customer_contract (id,created_at,created_user_id,updated_at,updated_user_id,version,mom_kjb_system_id,mom_cust_id,company_id,office_id,department_div,customer_name,company_name,company_name_kana,office_name,department_name,post_number,address,phone_number,fax_number,company_representative_name,company_representative_name_kana,pic_name,pic_name_kana,pic_dept_name,pic_phone_number,pic_fax_number,pic_mail_address,contract_id) VALUES (3,'2018/09/19 12:09:10','COTOSforSIM','2018/09/19 12:09:10','COTOSforSIM',1,'000000003985825','000000002773772','000000002033411','000000001269962','2','dummy_customer_name_401','dummy_company_name_401','','dummy_office_name_401','dummy_department_name_401','dummy_post_number_401','dummy_address_401','dummy_phone_number_401','dummy_fax_number_401','dummy_company_representative_name_401','dummy_company_representative_name_kana_401','dummy_pic_name_401','dummy_pic_name_kana_401','dummy_pic_dept_name_401','dummy_pic_phone_number_401','dummy_pic_fax_number_401','dummy_pic_mail_address_401',3);
INSERT INTO customer_contract (id,created_at,created_user_id,updated_at,updated_user_id,version,mom_kjb_system_id,mom_cust_id,company_id,office_id,department_div,customer_name,company_name,company_name_kana,office_name,department_name,post_number,address,phone_number,fax_number,company_representative_name,company_representative_name_kana,pic_name,pic_name_kana,pic_dept_name,pic_phone_number,pic_fax_number,pic_mail_address,contract_id) VALUES (4,'2018/09/19 12:09:10','COTOSforSIM','2018/09/19 12:09:10','COTOSforSIM',1,'000000003985825','000000002773772','000000002033411','000000001269962','2','dummy_customer_name_401','dummy_company_name_401','','dummy_office_name_401','dummy_department_name_401','dummy_post_number_401','dummy_address_401','dummy_phone_number_401','dummy_fax_number_401','dummy_company_representative_name_401','dummy_company_representative_name_kana_401','dummy_pic_name_401','dummy_pic_name_kana_401','dummy_pic_dept_name_401','dummy_pic_phone_number_401','dummy_pic_fax_number_401','dummy_pic_mail_address_401',4);
INSERT INTO customer_contract (id,created_at,created_user_id,updated_at,updated_user_id,version,mom_kjb_system_id,mom_cust_id,company_id,office_id,department_div,customer_name,company_name,company_name_kana,office_name,department_name,post_number,address,phone_number,fax_number,company_representative_name,company_representative_name_kana,pic_name,pic_name_kana,pic_dept_name,pic_phone_number,pic_fax_number,pic_mail_address,contract_id) VALUES (5,'2018/09/19 12:09:10','COTOSforSIM','2018/09/19 12:09:10','COTOSforSIM',1,'000000003985825','000000002773772','000000002033411','000000001269962','2','dummy_customer_name_401','dummy_company_name_401','','dummy_office_name_401','dummy_department_name_401','dummy_post_number_401','dummy_address_401','dummy_phone_number_401','dummy_fax_number_401','dummy_company_representative_name_401','dummy_company_representative_name_kana_401','dummy_pic_name_401','dummy_pic_name_kana_401','dummy_pic_dept_name_401','dummy_pic_phone_number_401','dummy_pic_fax_number_401','dummy_pic_mail_address_401',5);
INSERT INTO customer_contract (id,created_at,created_user_id,updated_at,updated_user_id,version,mom_kjb_system_id,mom_cust_id,company_id,office_id,department_div,customer_name,company_name,company_name_kana,office_name,department_name,post_number,address,phone_number,fax_number,company_representative_name,company_representative_name_kana,pic_name,pic_name_kana,pic_dept_name,pic_phone_number,pic_fax_number,pic_mail_address,contract_id) VALUES (6,'2018/09/19 12:09:10','COTOSforSIM','2018/09/19 12:09:10','COTOSforSIM',1,'000000003985825','000000002773772','000000002033411','000000001269962','2','dummy_customer_name_401','dummy_company_name_401','','dummy_office_name_401','dummy_department_name_401','dummy_post_number_401','dummy_address_401','dummy_phone_number_401','dummy_fax_number_401','dummy_company_representative_name_401','dummy_company_representative_name_kana_401','dummy_pic_name_401','dummy_pic_name_kana_401','dummy_pic_dept_name_401','dummy_pic_phone_number_401','dummy_pic_fax_number_401','dummy_pic_mail_address_401',6);
INSERT INTO customer_contract (id,created_at,created_user_id,updated_at,updated_user_id,version,mom_kjb_system_id,mom_cust_id,company_id,office_id,department_div,customer_name,company_name,company_name_kana,office_name,department_name,post_number,address,phone_number,fax_number,company_representative_name,company_representative_name_kana,pic_name,pic_name_kana,pic_dept_name,pic_phone_number,pic_fax_number,pic_mail_address,contract_id) VALUES (7,'2018/09/19 12:09:10','COTOSforSIM','2018/09/19 12:09:10','COTOSforSIM',1,'000000003985825','000000002773772','000000002033411','000000001269962','2','dummy_customer_name_401','dummy_company_name_401','','dummy_office_name_401','dummy_department_name_401','dummy_post_number_401','dummy_address_401','dummy_phone_number_401','dummy_fax_number_401','dummy_company_representative_name_401','dummy_company_representative_name_kana_401','dummy_pic_name_401','dummy_pic_name_kana_401','dummy_pic_dept_name_401','dummy_pic_phone_number_401','dummy_pic_fax_number_401','dummy_pic_mail_address_401',7);