INSERT INTO contract (ID,CREATED_AT,CREATED_USER_ID,UPDATED_AT,UPDATED_USER_ID,VERSION,CONTRACT_TYPE,PRODUCT_GRP_MASTER_ID,LIFECYCLE_STATUS,WORKFLOW_STATUS,IMMUTABLE_CONT_IDENT_NUMBER,CASE_NUMBER,CASE_TITLE,CONTRACT_NUMBER,CONTRACT_BRANCH_NUMBER,CONTRACT_TITLE,ORIGIN_CONTRACT_NUMBER,ORIGIN_CONTRACT_BRANCH_NUMBER,ORIGIN_CONTRACT_ID,CHANGE_PREFERRED_DATE,CONTRACT_DATE,ACCOUNT_SALES_FLG,BILLING_DATE,SERVICE_TERM_START,SERVICE_TERM_END,CANCEL_SCHEDULED_DATE,ESTIMATION_NUMBER,ESTIMATION_BRANCH_NUMBER,ESTIMATION_ID,ESTIMATION_TITLE,COMMERCIAL_FLOW_DIV,ISSUE_FORMAT,BILLING_CUSTOMER_SP_CODE,BILLING_CUSTOMER_SP_NAME,PAYMENT_TERMS,PAYMENT_METHOD,CANCEL_REASON,CANCEL_REASON_ETC,EXTENDS_PARAMETER,WEB_ORDER_NUMBER,RJ_MANAGE_NUMBER,BILLING_START_DATE,CANCEL_ORDER_NO,CONCLUSION_PREFERRED_DATE,APP_ID,IFS_LINKAGE_CSV_CREATE_STATUS,IFS_LINKAGE_CSV_CREATE_DATE,CONTRACT_AUTO_UPDATE_DATE,DELIVERY_CD,DELIVERY_NAME,ISSUE_TAX_CODE_VALUE,CONTACT_NO,SS_WORK_REQUEST_CREATE_STATUS,APPLICATION_DATE,ACCEPTANCE_DATE,INSTALL_DELIVERY_SITE_ID,CANCEL_DECISION_DATE)
 VALUES (1,'2018/09/19 12:09:10','COTOS','2020/09/30 12:09:10','COTOS',0,'1',12,1,3,'CIC201912240101','dummy_case_number','dummy_case_title','CC2019122400101',1, 'dummy_contract_title','dummy_origin_contract_number',0,0,'2018/10/01','2018/9/19',0,'2018/11/01','2018/10/01','2020/10/01','2020/10/01','CE201900101',1,1,'dummy_estimation_title',1,'dummy_issue_fomat', NULL,NULL,NULL,NULL,NULL,NULL,'dummy_extends_parameter',NULL,'dummy_rj_manage_number',NULL,NULL,'2019/10/01','cotos_dev','0',NULL,NULL,NULL,NULL,NULL,NULL,NULL,NULL,'2018/10/01',NULL,NULL);
INSERT INTO contract_detail (ID,CREATED_AT,CREATED_USER_ID,UPDATED_AT,UPDATED_USER_ID,VERSION,CONTRACT_ID,STATE,QUANTITY,AMOUNT_SUMMARY,DETAIL_ABSTRACT,EXTENDS_PARAMETER,UNIT_PRICE,INITIAL_ACCOUNT_SALES_STATUS,INITIAL_ACCOUNT_SALES_DATE,BEFORE_QUANTITY,ORDER_NO,FFM_INSIDE_TRANS_STATUS,FFM_INSIDE_LINK_DATE,ABS_CON_INSIDE_TRANS_STATUS,ABS_CON_INSIDE_LINK_DATE,RUNNING_ACCOUNT_SALES_STATUS,RUNNING_ACCOUNT_SALES_DATE,FFM_ACCEPTANCE_LINKING_STATUS)
 VALUES (11,'2018/09/19 12:09:10','COTOS','2018/09/19 12:09:10','COTOS',0,1,1,1,1020.00,'dummy_detail_abstract','{"orderCsvCreationStatus":"0","orderCsvCreationDate":""}',510.00,NULL,NULL,NULL,NULL,0,NULL,4,NULL,NULL,NULL,0);
INSERT INTO contract_detail (ID,CREATED_AT,CREATED_USER_ID,UPDATED_AT,UPDATED_USER_ID,VERSION,CONTRACT_ID,STATE,QUANTITY,AMOUNT_SUMMARY,DETAIL_ABSTRACT,EXTENDS_PARAMETER,UNIT_PRICE,INITIAL_ACCOUNT_SALES_STATUS,INITIAL_ACCOUNT_SALES_DATE,BEFORE_QUANTITY,ORDER_NO,FFM_INSIDE_TRANS_STATUS,FFM_INSIDE_LINK_DATE,ABS_CON_INSIDE_TRANS_STATUS,ABS_CON_INSIDE_LINK_DATE,RUNNING_ACCOUNT_SALES_STATUS,RUNNING_ACCOUNT_SALES_DATE,FFM_ACCEPTANCE_LINKING_STATUS)
 VALUES (12,'2018/09/19 12:09:10','COTOS','2018/09/19 12:09:10','COTOS',0,1,1,3,1020.00,'dummy_detail_abstract','{"orderCsvCreationStatus":"0","orderCsvCreationDate":""}',510.00,NULL,NULL,NULL,NULL,0,NULL,4,NULL,NULL,NULL,0);
INSERT INTO contract_detail (ID,CREATED_AT,CREATED_USER_ID,UPDATED_AT,UPDATED_USER_ID,VERSION,CONTRACT_ID,STATE,QUANTITY,AMOUNT_SUMMARY,DETAIL_ABSTRACT,EXTENDS_PARAMETER,UNIT_PRICE,INITIAL_ACCOUNT_SALES_STATUS,INITIAL_ACCOUNT_SALES_DATE,BEFORE_QUANTITY,ORDER_NO,FFM_INSIDE_TRANS_STATUS,FFM_INSIDE_LINK_DATE,ABS_CON_INSIDE_TRANS_STATUS,ABS_CON_INSIDE_LINK_DATE,RUNNING_ACCOUNT_SALES_STATUS,RUNNING_ACCOUNT_SALES_DATE,FFM_ACCEPTANCE_LINKING_STATUS)
 VALUES (13,'2018/09/19 12:09:10','COTOS','2018/09/19 12:09:10','COTOS',0,1,1,4,1020.00,'dummy_detail_abstract',NULL,510.00,NULL,NULL,NULL,NULL,0,NULL,4,NULL,NULL,NULL,0);
INSERT INTO item_contract (ID,CREATED_AT,CREATED_USER_ID,UPDATED_AT,UPDATED_USER_ID,VERSION,ITEM_MASTER_ID,PRODUCT_MASTER_ID,ITEM_CONTRACT_NAME,RICOH_ITEM_CODE,ITEM_TYPE,COST_TYPE,PARTITION_PRICE,CONTRACT_DETAIL_ID,BP_CD,R_COST,RJ_PURCHASE_PRICE,RJ_DIVIDING_PRICE,MOTHER_STORE_PRICE,TAX_FLAG,IFS_LINKAGE_FLG)
 VALUES (11,'2018/09/19 12:09:10','COTOS',NULL,NULL,0,489,5,'データSIM Type-C 2GB','SI0001',1,2,1020.00,11,NULL,NULL,NULL,NULL,NULL,NULL,1);
INSERT INTO item_contract (ID,CREATED_AT,CREATED_USER_ID,UPDATED_AT,UPDATED_USER_ID,VERSION,ITEM_MASTER_ID,PRODUCT_MASTER_ID,ITEM_CONTRACT_NAME,RICOH_ITEM_CODE,ITEM_TYPE,COST_TYPE,PARTITION_PRICE,CONTRACT_DETAIL_ID,BP_CD,R_COST,RJ_PURCHASE_PRICE,RJ_DIVIDING_PRICE,MOTHER_STORE_PRICE,TAX_FLAG,IFS_LINKAGE_FLG)
 VALUES (12,'2018/09/19 12:09:10','COTOS',NULL,NULL,0,490,5,'データSIM Type-C 5GB','SI0002',1,2,1020.00,12,NULL,NULL,NULL,NULL,NULL,NULL,1);
INSERT INTO item_contract (ID,CREATED_AT,CREATED_USER_ID,UPDATED_AT,UPDATED_USER_ID,VERSION,ITEM_MASTER_ID,PRODUCT_MASTER_ID,ITEM_CONTRACT_NAME,RICOH_ITEM_CODE,ITEM_TYPE,COST_TYPE,PARTITION_PRICE,CONTRACT_DETAIL_ID,BP_CD,R_COST,RJ_PURCHASE_PRICE,RJ_DIVIDING_PRICE,MOTHER_STORE_PRICE,TAX_FLAG,IFS_LINKAGE_FLG)
 VALUES (13,'2018/09/19 12:09:10','COTOS',NULL,NULL,0,491,5,'データSIM 初期費用','SI0000',1,1,1020.00,13,NULL,NULL,NULL,NULL,NULL,NULL,1);
INSERT INTO product_contract (ID,CREATED_AT,CREATED_USER_ID,UPDATED_AT,UPDATED_USER_ID,VERSION,PRODUCT_MASTER_ID,PRODUCT_CONTRACT_NAME,REP_ITEM_MASTER_ID,SERVICE_IDENT_NUMBER,CONTRACT_ID,EXTENDS_PARAMETER,EXTENDS_PARAMETER_ITERANCE)
 VALUES (1,'2018/09/19 12:09:10','COTOS','2018/09/19 12:09:10','COTOS',0,5,'SIM',489,'CS2019122401003',1,NULL,'{"extendsParameterList":[{"id":1,"contractType":"容量変更","productCode":"SI0002","productName":"データSIM Type-C 5GB","lineNumber":"101333333","serialNumber":"101999999","device":"","invoiceNumber":""},{"id":2,"contractType":"容量変更","productCode":"SI0001","productName":"データSIM Type-C 2GB","lineNumber":"201222222","serialNumber":"201888888","device":"","invoiceNumber":""},{"id":3,"contractType":"容量変更","productCode":"SI0001","productName":"データSIM Type-C 2GB","lineNumber":"301111111","serialNumber":"301999999","device":"","invoiceNumber":""}]}');
INSERT INTO contract_installation_location (ID,CREATED_AT,CREATED_USER_ID,UPDATED_AT,UPDATED_USER_ID,VERSION,MOM_KJB_SYSTEM_ID,MOM_CUST_ID,COMPANY_ID,OFFICE_ID,DEPARTMENT_DIV,CUSTOMER_NAME,COMPANY_NAME,COMPANY_NAME_KANA,OFFICE_NAME,DEPARTMENT_NAME,POST_NUMBER,ADDRESS,PHONE_NUMBER,FAX_NUMBER,COMPANY_REPRESENTATIVE_NAME,COMPANY_REPRESENTATIVE_NAME_KANA,PIC_NAME,PIC_NAME_KANA,PIC_DEPT_NAME,PIC_PHONE_NUMBER,PIC_FAX_NUMBER,PIC_MAIL_ADDRESS,INPUT_POST_NUMBER,INPUT_ADDRESS,CONTRACT_ID)
 VALUES (1,'2018/09/19 12:09:10','COTOS','2018/09/19 12:09:10','COTOS',1,000000003321099,000000002138176,000000000705467,000000001034118,2,'dummy_customer_name_location','dummy_company_name_location','dummy_company_name_kana_location','dummy_office_name_location','dummy_department_name_location','dummy_post_number_location','dummy_address_location','dummy_phone_number_location','dummy_fax_number_location','dummy_company_representative_name_location','dummy_company_representative_name_kana_location','dummy_pic_name_location','dummy_pic_name_kana_location','dummy_pic_dept_name_location','dummy_pic_phone_number_location','dummy_pic_fax_number_location','dummy_pic_mail_address_location','input_post_number_location','input_address_location',1);
INSERT INTO customer_contract (ID,CREATED_AT,CREATED_USER_ID,UPDATED_AT,UPDATED_USER_ID,VERSION,MOM_KJB_SYSTEM_ID,MOM_CUST_ID,COMPANY_ID,OFFICE_ID,DEPARTMENT_DIV,CUSTOMER_NAME,COMPANY_NAME,COMPANY_NAME_KANA,OFFICE_NAME,DEPARTMENT_NAME,POST_NUMBER,ADDRESS,PHONE_NUMBER,FAX_NUMBER,COMPANY_REPRESENTATIVE_NAME,COMPANY_REPRESENTATIVE_NAME_KANA,PIC_NAME,PIC_NAME_KANA,PIC_DEPT_NAME,PIC_PHONE_NUMBER,PIC_FAX_NUMBER,PIC_MAIL_ADDRESS,CONTRACT_ID,NETRICOH_ACCOUNT,SETUP_CORP_NM,SETUP_POST_CD,SETUP_ADDR,SETUP_TEL)
 VALUES (1,'2018/09/19 12:09:10','COTOS','2018/09/19 12:09:10','COTOS',1,000000006885229,000000005461171,000000004642769,000000002876148,2,'有限会社野＊建＊設計事務所＊＊＊＊＊','有限会社野＊建＊設計事務所',NULL,'＊＊＊','＊＊',8490201,'佐賀県佐賀市久保田町大字徳万９９－９９　ＸＸＸビル',0952684999,0952684999,NULL,'string','tes t','テス ト','dummy_pic_dept_name_customer','dummy_pic_phone_number_customer','dummy_pic_fax_number_customer','dummy_mail_address@xx.xx',1,NULL,NULL,NULL,NULL,NULL);
INSERT INTO contract_pic_sa_emp (ID,CREATED_AT,CREATED_USER_ID,UPDATED_AT,UPDATED_USER_ID,VERSION,MOM_EMPLOYEE_ID,MOM_ORG_ID,ORG_HIERARCHY_LEVEL,ORG_NAME,SALES_COMPANY_NAME,ORG_PHONE_NUMBER,EMPLOYEE_NAME,SALES_DEPARTMENT_NAME,POST_NUMBER,ADDRESS,PHONE_NUMBER,FAX_NUMBER,MAIL_ADDRESS,CONTRACT_ID,EXTENDS_PARAMETER,MOM_KJB_SYSTEM_ID,MOM_CUST_ID,SALES_COMPANY_NAME_KANA,COMPANY_REPRESENTATIVE_NAME,COMPANY_REPRESENTATIVE_NAME_KANA)
 VALUES (1,'2018/09/19 12:09:10','COTOS',NULL,NULL,0,'00465984','dummy_mom_org_id_1',1,'dummy_org_name_1','dummy_sales_company_name_1','dummy_org_phone_number_1','dummy_employee_name_1','dummy_sales_department_name_1','dummy_post_number_1','dummy_address_1','dummy_phone_number_1','dummy_fax_number_1','dummy_mail_address_1',1,NULL,NULL,NULL,NULL,NULL,NULL);
INSERT INTO arrangement (ID,CREATED_AT,CREATED_USER_ID,UPDATED_AT,UPDATED_USER_ID,VERSION,CONTRACT_ID,DISENGAGEMENT_FLG,WORKFLOW_STATUS)
 VALUES (1,'2018/09/19 12:09:10','COTOS','2018/09/19 12:09:10','COTOS',0,1,0,1);
INSERT INTO arrangement_work(ID,CREATED_AT,CREATED_USER_ID,UPDATED_AT,UPDATED_USER_ID,VERSION,ARRANGEMENT_ID,ARRANGEMENT_WORK_TYPE_MASTER_ID,WORKFLOW_STATUS,MEMO,HOLDING_FLG,APP_ID)
 VALUES (1,'2018/09/19 12:09:10','COTOS','2018/09/19 12:09:10','COTOS',0,1,3001,1,'dummy_memo',0,'cotos_dev');

INSERT INTO contract (ID,CREATED_AT,CREATED_USER_ID,UPDATED_AT,UPDATED_USER_ID,VERSION,CONTRACT_TYPE,PRODUCT_GRP_MASTER_ID,LIFECYCLE_STATUS,WORKFLOW_STATUS,IMMUTABLE_CONT_IDENT_NUMBER,CASE_NUMBER,CASE_TITLE,CONTRACT_NUMBER,CONTRACT_BRANCH_NUMBER,CONTRACT_TITLE,ORIGIN_CONTRACT_NUMBER,ORIGIN_CONTRACT_BRANCH_NUMBER,ORIGIN_CONTRACT_ID,CHANGE_PREFERRED_DATE,CONTRACT_DATE,ACCOUNT_SALES_FLG,BILLING_DATE,SERVICE_TERM_START,SERVICE_TERM_END,CANCEL_SCHEDULED_DATE,ESTIMATION_NUMBER,ESTIMATION_BRANCH_NUMBER,ESTIMATION_ID,ESTIMATION_TITLE,COMMERCIAL_FLOW_DIV,ISSUE_FORMAT,BILLING_CUSTOMER_SP_CODE,BILLING_CUSTOMER_SP_NAME,PAYMENT_TERMS,PAYMENT_METHOD,CANCEL_REASON,CANCEL_REASON_ETC,EXTENDS_PARAMETER,WEB_ORDER_NUMBER,RJ_MANAGE_NUMBER,BILLING_START_DATE,CANCEL_ORDER_NO,CONCLUSION_PREFERRED_DATE,APP_ID,IFS_LINKAGE_CSV_CREATE_STATUS,IFS_LINKAGE_CSV_CREATE_DATE,CONTRACT_AUTO_UPDATE_DATE,DELIVERY_CD,DELIVERY_NAME,ISSUE_TAX_CODE_VALUE,CONTACT_NO,SS_WORK_REQUEST_CREATE_STATUS,APPLICATION_DATE,ACCEPTANCE_DATE,INSTALL_DELIVERY_SITE_ID,CANCEL_DECISION_DATE)
 VALUES (2,'2018/09/19 12:09:10','COTOS','2020/09/30 12:09:10','COTOS',0,'1',12,1,3,'CIC201912240102','dummy_case_number','dummy_case_title','CC2019122400102',1, 'dummy_contract_title','dummy_origin_contract_number',0,0,'2018/10/01','2018/9/19',0,'2018/11/01','2018/10/01','2020/10/01','2020/10/01','CE201900101',1,1,'dummy_estimation_title',1,'dummy_issue_fomat', NULL,NULL,NULL,NULL,NULL,NULL,'dummy_extends_parameter',NULL,'dummy_rj_manage_number',NULL,NULL,'2019/10/01','cotos_dev','0',NULL,NULL,NULL,NULL,NULL,NULL,NULL,NULL,'2018/10/01',NULL,NULL);
INSERT INTO contract_detail (ID,CREATED_AT,CREATED_USER_ID,UPDATED_AT,UPDATED_USER_ID,VERSION,CONTRACT_ID,STATE,QUANTITY,AMOUNT_SUMMARY,DETAIL_ABSTRACT,EXTENDS_PARAMETER,UNIT_PRICE,INITIAL_ACCOUNT_SALES_STATUS,INITIAL_ACCOUNT_SALES_DATE,BEFORE_QUANTITY,ORDER_NO,FFM_INSIDE_TRANS_STATUS,FFM_INSIDE_LINK_DATE,ABS_CON_INSIDE_TRANS_STATUS,ABS_CON_INSIDE_LINK_DATE,RUNNING_ACCOUNT_SALES_STATUS,RUNNING_ACCOUNT_SALES_DATE,FFM_ACCEPTANCE_LINKING_STATUS)
 VALUES (21,'2018/09/19 12:09:10','COTOS','2018/09/19 12:09:10','COTOS',0,2,1,1,1020.00,'dummy_detail_abstract','{"orderCsvCreationStatus":"0","orderCsvCreationDate":""}',510.00,NULL,NULL,NULL,NULL,0,NULL,4,NULL,NULL,NULL,0);
INSERT INTO contract_detail (ID,CREATED_AT,CREATED_USER_ID,UPDATED_AT,UPDATED_USER_ID,VERSION,CONTRACT_ID,STATE,QUANTITY,AMOUNT_SUMMARY,DETAIL_ABSTRACT,EXTENDS_PARAMETER,UNIT_PRICE,INITIAL_ACCOUNT_SALES_STATUS,INITIAL_ACCOUNT_SALES_DATE,BEFORE_QUANTITY,ORDER_NO,FFM_INSIDE_TRANS_STATUS,FFM_INSIDE_LINK_DATE,ABS_CON_INSIDE_TRANS_STATUS,ABS_CON_INSIDE_LINK_DATE,RUNNING_ACCOUNT_SALES_STATUS,RUNNING_ACCOUNT_SALES_DATE,FFM_ACCEPTANCE_LINKING_STATUS)
 VALUES (22,'2018/09/19 12:09:10','COTOS','2018/09/19 12:09:10','COTOS',0,2,1,3,1020.00,'dummy_detail_abstract','{"orderCsvCreationStatus":"0","orderCsvCreationDate":""}',510.00,NULL,NULL,NULL,NULL,0,NULL,4,NULL,NULL,NULL,0);
INSERT INTO contract_detail (ID,CREATED_AT,CREATED_USER_ID,UPDATED_AT,UPDATED_USER_ID,VERSION,CONTRACT_ID,STATE,QUANTITY,AMOUNT_SUMMARY,DETAIL_ABSTRACT,EXTENDS_PARAMETER,UNIT_PRICE,INITIAL_ACCOUNT_SALES_STATUS,INITIAL_ACCOUNT_SALES_DATE,BEFORE_QUANTITY,ORDER_NO,FFM_INSIDE_TRANS_STATUS,FFM_INSIDE_LINK_DATE,ABS_CON_INSIDE_TRANS_STATUS,ABS_CON_INSIDE_LINK_DATE,RUNNING_ACCOUNT_SALES_STATUS,RUNNING_ACCOUNT_SALES_DATE,FFM_ACCEPTANCE_LINKING_STATUS)
 VALUES (23,'2018/09/19 12:09:10','COTOS','2018/09/19 12:09:10','COTOS',0,2,1,2,1020.00,'dummy_detail_abstract','{"orderCsvCreationStatus":"0","orderCsvCreationDate":""}',510.00,NULL,NULL,NULL,NULL,0,NULL,4,NULL,NULL,NULL,0);
INSERT INTO contract_detail (ID,CREATED_AT,CREATED_USER_ID,UPDATED_AT,UPDATED_USER_ID,VERSION,CONTRACT_ID,STATE,QUANTITY,AMOUNT_SUMMARY,DETAIL_ABSTRACT,EXTENDS_PARAMETER,UNIT_PRICE,INITIAL_ACCOUNT_SALES_STATUS,INITIAL_ACCOUNT_SALES_DATE,BEFORE_QUANTITY,ORDER_NO,FFM_INSIDE_TRANS_STATUS,FFM_INSIDE_LINK_DATE,ABS_CON_INSIDE_TRANS_STATUS,ABS_CON_INSIDE_LINK_DATE,RUNNING_ACCOUNT_SALES_STATUS,RUNNING_ACCOUNT_SALES_DATE,FFM_ACCEPTANCE_LINKING_STATUS)
 VALUES (24,'2018/09/19 12:09:10','COTOS','2018/09/19 12:09:10','COTOS',0,2,1,6,1020.00,'dummy_detail_abstract',NULL,510.00,NULL,NULL,NULL,NULL,0,NULL,4,NULL,NULL,NULL,0);
INSERT INTO item_contract (ID,CREATED_AT,CREATED_USER_ID,UPDATED_AT,UPDATED_USER_ID,VERSION,ITEM_MASTER_ID,PRODUCT_MASTER_ID,ITEM_CONTRACT_NAME,RICOH_ITEM_CODE,ITEM_TYPE,COST_TYPE,PARTITION_PRICE,CONTRACT_DETAIL_ID,BP_CD,R_COST,RJ_PURCHASE_PRICE,RJ_DIVIDING_PRICE,MOTHER_STORE_PRICE,TAX_FLAG,IFS_LINKAGE_FLG)
 VALUES (21,'2018/09/19 12:09:10','COTOS',NULL,NULL,0,489,5,'データSIM Type-C 2GB','SI0001',1,2,1020.00,21,NULL,NULL,NULL,NULL,NULL,NULL,1);
INSERT INTO item_contract (ID,CREATED_AT,CREATED_USER_ID,UPDATED_AT,UPDATED_USER_ID,VERSION,ITEM_MASTER_ID,PRODUCT_MASTER_ID,ITEM_CONTRACT_NAME,RICOH_ITEM_CODE,ITEM_TYPE,COST_TYPE,PARTITION_PRICE,CONTRACT_DETAIL_ID,BP_CD,R_COST,RJ_PURCHASE_PRICE,RJ_DIVIDING_PRICE,MOTHER_STORE_PRICE,TAX_FLAG,IFS_LINKAGE_FLG)
 VALUES (22,'2018/09/19 12:09:10','COTOS',NULL,NULL,0,490,5,'データSIM Type-C 5GB','SI0002',1,2,1020.00,22,NULL,NULL,NULL,NULL,NULL,NULL,1);
INSERT INTO item_contract (ID,CREATED_AT,CREATED_USER_ID,UPDATED_AT,UPDATED_USER_ID,VERSION,ITEM_MASTER_ID,PRODUCT_MASTER_ID,ITEM_CONTRACT_NAME,RICOH_ITEM_CODE,ITEM_TYPE,COST_TYPE,PARTITION_PRICE,CONTRACT_DETAIL_ID,BP_CD,R_COST,RJ_PURCHASE_PRICE,RJ_DIVIDING_PRICE,MOTHER_STORE_PRICE,TAX_FLAG,IFS_LINKAGE_FLG)
 VALUES (23,'2018/09/19 12:09:10','COTOS',NULL,NULL,0,489,5,'データSIM Type-C 5GB','SI0002',1,2,1020.00,23,NULL,NULL,NULL,NULL,NULL,NULL,1);
INSERT INTO item_contract (ID,CREATED_AT,CREATED_USER_ID,UPDATED_AT,UPDATED_USER_ID,VERSION,ITEM_MASTER_ID,PRODUCT_MASTER_ID,ITEM_CONTRACT_NAME,RICOH_ITEM_CODE,ITEM_TYPE,COST_TYPE,PARTITION_PRICE,CONTRACT_DETAIL_ID,BP_CD,R_COST,RJ_PURCHASE_PRICE,RJ_DIVIDING_PRICE,MOTHER_STORE_PRICE,TAX_FLAG,IFS_LINKAGE_FLG)
 VALUES (24,'2018/09/19 12:09:10','COTOS',NULL,NULL,0,491,5,'データSIM 初期費用','SI0000',1,1,1020.00,24,NULL,NULL,NULL,NULL,NULL,NULL,1);
INSERT INTO product_contract (ID,CREATED_AT,CREATED_USER_ID,UPDATED_AT,UPDATED_USER_ID,VERSION,PRODUCT_MASTER_ID,PRODUCT_CONTRACT_NAME,REP_ITEM_MASTER_ID,SERVICE_IDENT_NUMBER,CONTRACT_ID,EXTENDS_PARAMETER,EXTENDS_PARAMETER_ITERANCE)
 VALUES (2,'2018/09/19 12:09:10','COTOS','2018/09/19 12:09:10','COTOS',0,5,'SIM',489,'CS2019122401002',2,NULL,'{"extendsParameterList":[{"id":1,"contractType":"容量変更","productCode":"SI0002","productName":"データSIM Type-C 5GB","lineNumber":"101333333","serialNumber":"101999999","device":"","invoiceNumber":""},{"id":2,"contractType":"容量変更","productCode":"SI0001","productName":"データSIM Type-C 2GB","lineNumber":"201222222","serialNumber":"201888888","device":"","invoiceNumber":""},{"id":3,"contractType":"容量変更","productCode":"SI0001","productName":"データSIM Type-C 2GB","lineNumber":"301111111","serialNumber":"301999999","device":"","invoiceNumber":""}]}');
INSERT INTO contract_installation_location (ID,CREATED_AT,CREATED_USER_ID,UPDATED_AT,UPDATED_USER_ID,VERSION,MOM_KJB_SYSTEM_ID,MOM_CUST_ID,COMPANY_ID,OFFICE_ID,DEPARTMENT_DIV,CUSTOMER_NAME,COMPANY_NAME,COMPANY_NAME_KANA,OFFICE_NAME,DEPARTMENT_NAME,POST_NUMBER,ADDRESS,PHONE_NUMBER,FAX_NUMBER,COMPANY_REPRESENTATIVE_NAME,COMPANY_REPRESENTATIVE_NAME_KANA,PIC_NAME,PIC_NAME_KANA,PIC_DEPT_NAME,PIC_PHONE_NUMBER,PIC_FAX_NUMBER,PIC_MAIL_ADDRESS,INPUT_POST_NUMBER,INPUT_ADDRESS,CONTRACT_ID)
 VALUES (2,'2018/09/19 12:09:10','COTOS','2018/09/19 12:09:10','COTOS',1,000000003321099,000000002138176,000000000705467,000000001034118,2,'dummy_customer_name_location','dummy_company_name_location','dummy_company_name_kana_location','dummy_office_name_location','dummy_department_name_location','dummy_post_number_location','dummy_address_location','dummy_phone_number_location','dummy_fax_number_location','dummy_company_representative_name_location','dummy_company_representative_name_kana_location','dummy_pic_name_location','dummy_pic_name_kana_location','dummy_pic_dept_name_location','dummy_pic_phone_number_location','dummy_pic_fax_number_location','dummy_pic_mail_address_location','input_post_number_location','input_address_location',2);
INSERT INTO customer_contract (ID,CREATED_AT,CREATED_USER_ID,UPDATED_AT,UPDATED_USER_ID,VERSION,MOM_KJB_SYSTEM_ID,MOM_CUST_ID,COMPANY_ID,OFFICE_ID,DEPARTMENT_DIV,CUSTOMER_NAME,COMPANY_NAME,COMPANY_NAME_KANA,OFFICE_NAME,DEPARTMENT_NAME,POST_NUMBER,ADDRESS,PHONE_NUMBER,FAX_NUMBER,COMPANY_REPRESENTATIVE_NAME,COMPANY_REPRESENTATIVE_NAME_KANA,PIC_NAME,PIC_NAME_KANA,PIC_DEPT_NAME,PIC_PHONE_NUMBER,PIC_FAX_NUMBER,PIC_MAIL_ADDRESS,CONTRACT_ID,NETRICOH_ACCOUNT,SETUP_CORP_NM,SETUP_POST_CD,SETUP_ADDR,SETUP_TEL)
 VALUES (2,'2018/09/19 12:09:10','COTOS','2018/09/19 12:09:10','COTOS',1,000000006885229,000000005461171,000000004642769,000000002876148,2,'有限会社野＊建＊設計事務所＊＊＊＊＊','有限会社野＊建＊設計事務所',NULL,'＊＊＊','＊＊',8490201,'佐賀県佐賀市久保田町大字徳万９９－９９　ＸＸＸビル',0952684999,0952684999,NULL,'string','tes t','テス ト','dummy_pic_dept_name_customer','dummy_pic_phone_number_customer','dummy_pic_fax_number_customer','dummy_mail_address@xx.x',2,NULL,NULL,NULL,NULL,NULL);
INSERT INTO contract_pic_sa_emp (ID,CREATED_AT,CREATED_USER_ID,UPDATED_AT,UPDATED_USER_ID,VERSION,MOM_EMPLOYEE_ID,MOM_ORG_ID,ORG_HIERARCHY_LEVEL,ORG_NAME,SALES_COMPANY_NAME,ORG_PHONE_NUMBER,EMPLOYEE_NAME,SALES_DEPARTMENT_NAME,POST_NUMBER,ADDRESS,PHONE_NUMBER,FAX_NUMBER,MAIL_ADDRESS,CONTRACT_ID,EXTENDS_PARAMETER,MOM_KJB_SYSTEM_ID,MOM_CUST_ID,SALES_COMPANY_NAME_KANA,COMPANY_REPRESENTATIVE_NAME,COMPANY_REPRESENTATIVE_NAME_KANA)
 VALUES (2,'2018/09/19 12:09:10','COTOS',NULL,NULL,0,'00229692','dummy_mom_org_id_1',1,'dummy_org_name_1','dummy_sales_company_name_1','dummy_org_phone_number_1','dummy_employee_name_1','dummy_sales_department_name_1','dummy_post_number_1','dummy_address_1','dummy_phone_number_1','dummy_fax_number_1','dummy_mail_address_1',2,NULL,NULL,NULL,NULL,NULL,NULL);
INSERT INTO arrangement (ID,CREATED_AT,CREATED_USER_ID,UPDATED_AT,UPDATED_USER_ID,VERSION,CONTRACT_ID,DISENGAGEMENT_FLG,WORKFLOW_STATUS)
 VALUES (2,'2018/09/19 12:09:10','COTOS','2018/09/19 12:09:10','COTOS',0,2,0,1);
INSERT INTO arrangement_work(ID,CREATED_AT,CREATED_USER_ID,UPDATED_AT,UPDATED_USER_ID,VERSION,ARRANGEMENT_ID,ARRANGEMENT_WORK_TYPE_MASTER_ID,WORKFLOW_STATUS,MEMO,HOLDING_FLG,APP_ID)
 VALUES (2,'2018/09/19 12:09:10','COTOS','2018/09/19 12:09:10','COTOS',0,2,3001,1,'dummy_memo',0,'cotos_dev');
 
INSERT INTO contract (ID,CREATED_AT,CREATED_USER_ID,UPDATED_AT,UPDATED_USER_ID,VERSION,CONTRACT_TYPE,PRODUCT_GRP_MASTER_ID,LIFECYCLE_STATUS,WORKFLOW_STATUS,IMMUTABLE_CONT_IDENT_NUMBER,CASE_NUMBER,CASE_TITLE,CONTRACT_NUMBER,CONTRACT_BRANCH_NUMBER,CONTRACT_TITLE,ORIGIN_CONTRACT_NUMBER,ORIGIN_CONTRACT_BRANCH_NUMBER,ORIGIN_CONTRACT_ID,CHANGE_PREFERRED_DATE,CONTRACT_DATE,ACCOUNT_SALES_FLG,BILLING_DATE,SERVICE_TERM_START,SERVICE_TERM_END,CANCEL_SCHEDULED_DATE,ESTIMATION_NUMBER,ESTIMATION_BRANCH_NUMBER,ESTIMATION_ID,ESTIMATION_TITLE,COMMERCIAL_FLOW_DIV,ISSUE_FORMAT,BILLING_CUSTOMER_SP_CODE,BILLING_CUSTOMER_SP_NAME,PAYMENT_TERMS,PAYMENT_METHOD,CANCEL_REASON,CANCEL_REASON_ETC,EXTENDS_PARAMETER,WEB_ORDER_NUMBER,RJ_MANAGE_NUMBER,BILLING_START_DATE,CANCEL_ORDER_NO,CONCLUSION_PREFERRED_DATE,APP_ID,IFS_LINKAGE_CSV_CREATE_STATUS,IFS_LINKAGE_CSV_CREATE_DATE,CONTRACT_AUTO_UPDATE_DATE,DELIVERY_CD,DELIVERY_NAME,ISSUE_TAX_CODE_VALUE,CONTACT_NO,SS_WORK_REQUEST_CREATE_STATUS,APPLICATION_DATE,ACCEPTANCE_DATE,INSTALL_DELIVERY_SITE_ID,CANCEL_DECISION_DATE)
 VALUES (3,'2018/09/19 12:09:10','COTOS','2020/09/30 12:09:10','COTOS',0,'1',12,1,3,'CIC201912240103','dummy_case_number','dummy_case_title','CC2019122400103',1, 'dummy_contract_title','dummy_origin_contract_number',0,0,'2018/10/01','2018/9/19',0,'2018/11/01','2018/10/01','2020/10/01','2020/10/01','CE201900101',1,1,'dummy_estimation_title',1,'dummy_issue_fomat', NULL,NULL,NULL,NULL,NULL,NULL,'dummy_extends_parameter',NULL,'dummy_rj_manage_number',NULL,NULL,'2019/10/01','cotos_dev','0',NULL,NULL,NULL,NULL,NULL,NULL,NULL,NULL,'2018/10/01',NULL,NULL);
INSERT INTO contract_detail (ID,CREATED_AT,CREATED_USER_ID,UPDATED_AT,UPDATED_USER_ID,VERSION,CONTRACT_ID,STATE,QUANTITY,AMOUNT_SUMMARY,DETAIL_ABSTRACT,EXTENDS_PARAMETER,UNIT_PRICE,INITIAL_ACCOUNT_SALES_STATUS,INITIAL_ACCOUNT_SALES_DATE,BEFORE_QUANTITY,ORDER_NO,FFM_INSIDE_TRANS_STATUS,FFM_INSIDE_LINK_DATE,ABS_CON_INSIDE_TRANS_STATUS,ABS_CON_INSIDE_LINK_DATE,RUNNING_ACCOUNT_SALES_STATUS,RUNNING_ACCOUNT_SALES_DATE,FFM_ACCEPTANCE_LINKING_STATUS)
 VALUES (31,'2018/09/19 12:09:10','COTOS','2018/09/19 12:09:10','COTOS',0,3,1,1,1020.00,'dummy_detail_abstract','{"orderCsvCreationStatus":"0","orderCsvCreationDate":""}',510.00,NULL,NULL,NULL,NULL,0,NULL,4,NULL,NULL,NULL,0);
INSERT INTO contract_detail (ID,CREATED_AT,CREATED_USER_ID,UPDATED_AT,UPDATED_USER_ID,VERSION,CONTRACT_ID,STATE,QUANTITY,AMOUNT_SUMMARY,DETAIL_ABSTRACT,EXTENDS_PARAMETER,UNIT_PRICE,INITIAL_ACCOUNT_SALES_STATUS,INITIAL_ACCOUNT_SALES_DATE,BEFORE_QUANTITY,ORDER_NO,FFM_INSIDE_TRANS_STATUS,FFM_INSIDE_LINK_DATE,ABS_CON_INSIDE_TRANS_STATUS,ABS_CON_INSIDE_LINK_DATE,RUNNING_ACCOUNT_SALES_STATUS,RUNNING_ACCOUNT_SALES_DATE,FFM_ACCEPTANCE_LINKING_STATUS)
 VALUES (32,'2018/09/19 12:09:10','COTOS','2018/09/19 12:09:10','COTOS',0,3,1,3,1020.00,'dummy_detail_abstract','{"orderCsvCreationStatus":"0","orderCsvCreationDate":""}',510.00,NULL,NULL,NULL,NULL,0,NULL,4,NULL,NULL,NULL,0);
INSERT INTO contract_detail (ID,CREATED_AT,CREATED_USER_ID,UPDATED_AT,UPDATED_USER_ID,VERSION,CONTRACT_ID,STATE,QUANTITY,AMOUNT_SUMMARY,DETAIL_ABSTRACT,EXTENDS_PARAMETER,UNIT_PRICE,INITIAL_ACCOUNT_SALES_STATUS,INITIAL_ACCOUNT_SALES_DATE,BEFORE_QUANTITY,ORDER_NO,FFM_INSIDE_TRANS_STATUS,FFM_INSIDE_LINK_DATE,ABS_CON_INSIDE_TRANS_STATUS,ABS_CON_INSIDE_LINK_DATE,RUNNING_ACCOUNT_SALES_STATUS,RUNNING_ACCOUNT_SALES_DATE,FFM_ACCEPTANCE_LINKING_STATUS)
 VALUES (33,'2018/09/19 12:09:10','COTOS','2018/09/19 12:09:10','COTOS',0,3,1,4,1020.00,'dummy_detail_abstract',NULL,510.00,NULL,NULL,NULL,NULL,0,NULL,4,NULL,NULL,NULL,0);
INSERT INTO item_contract (ID,CREATED_AT,CREATED_USER_ID,UPDATED_AT,UPDATED_USER_ID,VERSION,ITEM_MASTER_ID,PRODUCT_MASTER_ID,ITEM_CONTRACT_NAME,RICOH_ITEM_CODE,ITEM_TYPE,COST_TYPE,PARTITION_PRICE,CONTRACT_DETAIL_ID,BP_CD,R_COST,RJ_PURCHASE_PRICE,RJ_DIVIDING_PRICE,MOTHER_STORE_PRICE,TAX_FLAG,IFS_LINKAGE_FLG)
 VALUES (31,'2018/09/19 12:09:10','COTOS',NULL,NULL,0,489,5,'データSIM Type-C 2GB','SI0001',1,2,1020.00,31,NULL,NULL,NULL,NULL,NULL,NULL,1);
INSERT INTO item_contract (ID,CREATED_AT,CREATED_USER_ID,UPDATED_AT,UPDATED_USER_ID,VERSION,ITEM_MASTER_ID,PRODUCT_MASTER_ID,ITEM_CONTRACT_NAME,RICOH_ITEM_CODE,ITEM_TYPE,COST_TYPE,PARTITION_PRICE,CONTRACT_DETAIL_ID,BP_CD,R_COST,RJ_PURCHASE_PRICE,RJ_DIVIDING_PRICE,MOTHER_STORE_PRICE,TAX_FLAG,IFS_LINKAGE_FLG)
 VALUES (32,'2018/09/19 12:09:10','COTOS',NULL,NULL,0,490,5,'データSIM Type-C 5GB','SI0002',1,2,1020.00,32,NULL,NULL,NULL,NULL,NULL,NULL,1);
INSERT INTO item_contract (ID,CREATED_AT,CREATED_USER_ID,UPDATED_AT,UPDATED_USER_ID,VERSION,ITEM_MASTER_ID,PRODUCT_MASTER_ID,ITEM_CONTRACT_NAME,RICOH_ITEM_CODE,ITEM_TYPE,COST_TYPE,PARTITION_PRICE,CONTRACT_DETAIL_ID,BP_CD,R_COST,RJ_PURCHASE_PRICE,RJ_DIVIDING_PRICE,MOTHER_STORE_PRICE,TAX_FLAG,IFS_LINKAGE_FLG)
 VALUES (33,'2018/09/19 12:09:10','COTOS',NULL,NULL,0,491,5,'データSIM 初期費用','SI0000',1,1,1020.00,33,NULL,NULL,NULL,NULL,NULL,NULL,1);
INSERT INTO product_contract (ID,CREATED_AT,CREATED_USER_ID,UPDATED_AT,UPDATED_USER_ID,VERSION,PRODUCT_MASTER_ID,PRODUCT_CONTRACT_NAME,REP_ITEM_MASTER_ID,SERVICE_IDENT_NUMBER,CONTRACT_ID,EXTENDS_PARAMETER,EXTENDS_PARAMETER_ITERANCE)
 VALUES (3,'2018/09/19 12:09:10','COTOS','2018/09/19 12:09:10','COTOS',0,5,'SIM',489,'CS2019122401003',3,NULL,'{"extendsParameterList":[{"id":1,"contractType":"容量変更","productCode":"SI0002","productName":"データSIM Type-C 5GB","lineNumber":"101333333","serialNumber":"101999999","device":"","invoiceNumber":""},{"id":2,"contractType":"容量変更","productCode":"SI0001","productName":"データSIM Type-C 2GB","lineNumber":"201222222","serialNumber":"201888888","device":"","invoiceNumber":""},{"id":3,"contractType":"容量変更","productCode":"SI0001","productName":"データSIM Type-C 2GB","lineNumber":"301111111","serialNumber":"301999999","device":"","invoiceNumber":""}]}');
INSERT INTO contract_installation_location (ID,CREATED_AT,CREATED_USER_ID,UPDATED_AT,UPDATED_USER_ID,VERSION,MOM_KJB_SYSTEM_ID,MOM_CUST_ID,COMPANY_ID,OFFICE_ID,DEPARTMENT_DIV,CUSTOMER_NAME,COMPANY_NAME,COMPANY_NAME_KANA,OFFICE_NAME,DEPARTMENT_NAME,POST_NUMBER,ADDRESS,PHONE_NUMBER,FAX_NUMBER,COMPANY_REPRESENTATIVE_NAME,COMPANY_REPRESENTATIVE_NAME_KANA,PIC_NAME,PIC_NAME_KANA,PIC_DEPT_NAME,PIC_PHONE_NUMBER,PIC_FAX_NUMBER,PIC_MAIL_ADDRESS,INPUT_POST_NUMBER,INPUT_ADDRESS,CONTRACT_ID)
 VALUES (3,'2018/09/19 12:09:10','COTOS','2018/09/19 12:09:10','COTOS',1,000000003321099,000000002138176,000000000705467,000000001034118,2,'dummy_customer_name_location','dummy_company_name_location','dummy_company_name_kana_location','dummy_office_name_location','dummy_department_name_location','dummy_post_number_location','dummy_address_location','dummy_phone_number_location','dummy_fax_number_location','dummy_company_representative_name_location','dummy_company_representative_name_kana_location','dummy_pic_name_location','dummy_pic_name_kana_location','dummy_pic_dept_name_location','dummy_pic_phone_number_location','dummy_pic_fax_number_location','dummy_pic_mail_address_location','input_post_number_location','input_address_location',3);
INSERT INTO customer_contract (ID,CREATED_AT,CREATED_USER_ID,UPDATED_AT,UPDATED_USER_ID,VERSION,MOM_KJB_SYSTEM_ID,MOM_CUST_ID,COMPANY_ID,OFFICE_ID,DEPARTMENT_DIV,CUSTOMER_NAME,COMPANY_NAME,COMPANY_NAME_KANA,OFFICE_NAME,DEPARTMENT_NAME,POST_NUMBER,ADDRESS,PHONE_NUMBER,FAX_NUMBER,COMPANY_REPRESENTATIVE_NAME,COMPANY_REPRESENTATIVE_NAME_KANA,PIC_NAME,PIC_NAME_KANA,PIC_DEPT_NAME,PIC_PHONE_NUMBER,PIC_FAX_NUMBER,PIC_MAIL_ADDRESS,CONTRACT_ID,NETRICOH_ACCOUNT,SETUP_CORP_NM,SETUP_POST_CD,SETUP_ADDR,SETUP_TEL)
 VALUES (3,'2018/09/19 12:09:10','COTOS','2018/09/19 12:09:10','COTOS',1,000000006885229,000000005461171,000000004642769,000000002876148,2,'有限会社野＊建＊設計事務所＊＊＊＊＊','有限会社野＊建＊設計事務所',NULL,'＊＊＊','＊＊',8490201,'佐賀県佐賀市久保田町大字徳万９９－９９　ＸＸＸビル',0952684999,0952684999,NULL,'string','tes t','テス ト','dummy_pic_dept_name_customer','dummy_pic_phone_number_customer','dummy_pic_fax_number_customer','dummy_mail_address@xx.xx',3,NULL,NULL,NULL,NULL,NULL);
INSERT INTO contract_pic_sa_emp (ID,CREATED_AT,CREATED_USER_ID,UPDATED_AT,UPDATED_USER_ID,VERSION,MOM_EMPLOYEE_ID,MOM_ORG_ID,ORG_HIERARCHY_LEVEL,ORG_NAME,SALES_COMPANY_NAME,ORG_PHONE_NUMBER,EMPLOYEE_NAME,SALES_DEPARTMENT_NAME,POST_NUMBER,ADDRESS,PHONE_NUMBER,FAX_NUMBER,MAIL_ADDRESS,CONTRACT_ID,EXTENDS_PARAMETER,MOM_KJB_SYSTEM_ID,MOM_CUST_ID,SALES_COMPANY_NAME_KANA,COMPANY_REPRESENTATIVE_NAME,COMPANY_REPRESENTATIVE_NAME_KANA)
 VALUES (3,'2018/09/19 12:09:10','COTOS',NULL,NULL,0,'00465984','dummy_mom_org_id_1',1,'dummy_org_name_1','dummy_sales_company_name_1','dummy_org_phone_number_1','dummy_employee_name_1','dummy_sales_department_name_1','dummy_post_number_1','dummy_address_1','dummy_phone_number_1','dummy_fax_number_1','dummy_mail_address_1',3,NULL,NULL,NULL,NULL,NULL,NULL);
INSERT INTO arrangement (ID,CREATED_AT,CREATED_USER_ID,UPDATED_AT,UPDATED_USER_ID,VERSION,CONTRACT_ID,DISENGAGEMENT_FLG,WORKFLOW_STATUS)
 VALUES (3,'2018/09/19 12:09:10','COTOS','2018/09/19 12:09:10','COTOS',0,3,0,2);
INSERT INTO arrangement_work(ID,CREATED_AT,CREATED_USER_ID,UPDATED_AT,UPDATED_USER_ID,VERSION,ARRANGEMENT_ID,ARRANGEMENT_WORK_TYPE_MASTER_ID,WORKFLOW_STATUS,MEMO,HOLDING_FLG,APP_ID)
 VALUES (3,'2018/09/19 12:09:10','COTOS','2018/09/19 12:09:10','COTOS',0,3,3001,2,'dummy_memo',0,'cotos_dev');
 
INSERT INTO contract (ID,CREATED_AT,CREATED_USER_ID,UPDATED_AT,UPDATED_USER_ID,VERSION,CONTRACT_TYPE,PRODUCT_GRP_MASTER_ID,LIFECYCLE_STATUS,WORKFLOW_STATUS,IMMUTABLE_CONT_IDENT_NUMBER,CASE_NUMBER,CASE_TITLE,CONTRACT_NUMBER,CONTRACT_BRANCH_NUMBER,CONTRACT_TITLE,ORIGIN_CONTRACT_NUMBER,ORIGIN_CONTRACT_BRANCH_NUMBER,ORIGIN_CONTRACT_ID,CHANGE_PREFERRED_DATE,CONTRACT_DATE,ACCOUNT_SALES_FLG,BILLING_DATE,SERVICE_TERM_START,SERVICE_TERM_END,CANCEL_SCHEDULED_DATE,ESTIMATION_NUMBER,ESTIMATION_BRANCH_NUMBER,ESTIMATION_ID,ESTIMATION_TITLE,COMMERCIAL_FLOW_DIV,ISSUE_FORMAT,BILLING_CUSTOMER_SP_CODE,BILLING_CUSTOMER_SP_NAME,PAYMENT_TERMS,PAYMENT_METHOD,CANCEL_REASON,CANCEL_REASON_ETC,EXTENDS_PARAMETER,WEB_ORDER_NUMBER,RJ_MANAGE_NUMBER,BILLING_START_DATE,CANCEL_ORDER_NO,CONCLUSION_PREFERRED_DATE,APP_ID,IFS_LINKAGE_CSV_CREATE_STATUS,IFS_LINKAGE_CSV_CREATE_DATE,CONTRACT_AUTO_UPDATE_DATE,DELIVERY_CD,DELIVERY_NAME,ISSUE_TAX_CODE_VALUE,CONTACT_NO,SS_WORK_REQUEST_CREATE_STATUS,APPLICATION_DATE,ACCEPTANCE_DATE,INSTALL_DELIVERY_SITE_ID,CANCEL_DECISION_DATE)
 VALUES (4,'2018/09/19 12:09:10','COTOS','2020/09/25 12:09:10','COTOS',0,'1',12,1,3,'CIC201912240104','dummy_case_number','dummy_case_title','CC2019122400104',1, 'dummy_contract_title','dummy_origin_contract_number',0,0,'2018/10/01','2018/9/19',0,'2018/11/01','2018/10/01','2020/10/01','2020/10/01','CE201900101',1,1,'dummy_estimation_title',1,'dummy_issue_fomat', NULL,NULL,NULL,NULL,NULL,NULL,'dummy_extends_parameter',NULL,'dummy_rj_manage_number',NULL,NULL,'2019/10/01','cotos_dev','0',NULL,NULL,NULL,NULL,NULL,NULL,NULL,NULL,'2018/10/01',NULL,NULL);
INSERT INTO contract_detail (ID,CREATED_AT,CREATED_USER_ID,UPDATED_AT,UPDATED_USER_ID,VERSION,CONTRACT_ID,STATE,QUANTITY,AMOUNT_SUMMARY,DETAIL_ABSTRACT,EXTENDS_PARAMETER,UNIT_PRICE,INITIAL_ACCOUNT_SALES_STATUS,INITIAL_ACCOUNT_SALES_DATE,BEFORE_QUANTITY,ORDER_NO,FFM_INSIDE_TRANS_STATUS,FFM_INSIDE_LINK_DATE,ABS_CON_INSIDE_TRANS_STATUS,ABS_CON_INSIDE_LINK_DATE,RUNNING_ACCOUNT_SALES_STATUS,RUNNING_ACCOUNT_SALES_DATE,FFM_ACCEPTANCE_LINKING_STATUS)
 VALUES (41,'2018/09/19 12:09:10','COTOS','2018/09/19 12:09:10','COTOS',0,4,1,1,1020.00,'dummy_detail_abstract','{"orderCsvCreationStatus":"0","orderCsvCreationDate":""}',510.00,NULL,NULL,NULL,NULL,0,NULL,4,NULL,NULL,NULL,0);
INSERT INTO contract_detail (ID,CREATED_AT,CREATED_USER_ID,UPDATED_AT,UPDATED_USER_ID,VERSION,CONTRACT_ID,STATE,QUANTITY,AMOUNT_SUMMARY,DETAIL_ABSTRACT,EXTENDS_PARAMETER,UNIT_PRICE,INITIAL_ACCOUNT_SALES_STATUS,INITIAL_ACCOUNT_SALES_DATE,BEFORE_QUANTITY,ORDER_NO,FFM_INSIDE_TRANS_STATUS,FFM_INSIDE_LINK_DATE,ABS_CON_INSIDE_TRANS_STATUS,ABS_CON_INSIDE_LINK_DATE,RUNNING_ACCOUNT_SALES_STATUS,RUNNING_ACCOUNT_SALES_DATE,FFM_ACCEPTANCE_LINKING_STATUS)
 VALUES (42,'2018/09/19 12:09:10','COTOS','2018/09/19 12:09:10','COTOS',0,4,1,3,1020.00,'dummy_detail_abstract','{"orderCsvCreationStatus":"0","orderCsvCreationDate":""}',510.00,NULL,NULL,NULL,NULL,0,NULL,4,NULL,NULL,NULL,0);
INSERT INTO contract_detail (ID,CREATED_AT,CREATED_USER_ID,UPDATED_AT,UPDATED_USER_ID,VERSION,CONTRACT_ID,STATE,QUANTITY,AMOUNT_SUMMARY,DETAIL_ABSTRACT,EXTENDS_PARAMETER,UNIT_PRICE,INITIAL_ACCOUNT_SALES_STATUS,INITIAL_ACCOUNT_SALES_DATE,BEFORE_QUANTITY,ORDER_NO,FFM_INSIDE_TRANS_STATUS,FFM_INSIDE_LINK_DATE,ABS_CON_INSIDE_TRANS_STATUS,ABS_CON_INSIDE_LINK_DATE,RUNNING_ACCOUNT_SALES_STATUS,RUNNING_ACCOUNT_SALES_DATE,FFM_ACCEPTANCE_LINKING_STATUS)
 VALUES (43,'2018/09/19 12:09:10','COTOS','2018/09/19 12:09:10','COTOS',0,4,1,4,1020.00,'dummy_detail_abstract',NULL,510.00,NULL,NULL,NULL,NULL,0,NULL,4,NULL,NULL,NULL,0);
INSERT INTO item_contract (ID,CREATED_AT,CREATED_USER_ID,UPDATED_AT,UPDATED_USER_ID,VERSION,ITEM_MASTER_ID,PRODUCT_MASTER_ID,ITEM_CONTRACT_NAME,RICOH_ITEM_CODE,ITEM_TYPE,COST_TYPE,PARTITION_PRICE,CONTRACT_DETAIL_ID,BP_CD,R_COST,RJ_PURCHASE_PRICE,RJ_DIVIDING_PRICE,MOTHER_STORE_PRICE,TAX_FLAG,IFS_LINKAGE_FLG)
 VALUES (41,'2018/09/19 12:09:10','COTOS',NULL,NULL,0,489,5,'データSIM Type-C 2GB','SI0001',1,2,1020.00,41,NULL,NULL,NULL,NULL,NULL,NULL,1);
INSERT INTO item_contract (ID,CREATED_AT,CREATED_USER_ID,UPDATED_AT,UPDATED_USER_ID,VERSION,ITEM_MASTER_ID,PRODUCT_MASTER_ID,ITEM_CONTRACT_NAME,RICOH_ITEM_CODE,ITEM_TYPE,COST_TYPE,PARTITION_PRICE,CONTRACT_DETAIL_ID,BP_CD,R_COST,RJ_PURCHASE_PRICE,RJ_DIVIDING_PRICE,MOTHER_STORE_PRICE,TAX_FLAG,IFS_LINKAGE_FLG)
 VALUES (42,'2018/09/19 12:09:10','COTOS',NULL,NULL,0,490,5,'データSIM Type-C 5GB','SI0002',1,2,1020.00,42,NULL,NULL,NULL,NULL,NULL,NULL,1);
INSERT INTO item_contract (ID,CREATED_AT,CREATED_USER_ID,UPDATED_AT,UPDATED_USER_ID,VERSION,ITEM_MASTER_ID,PRODUCT_MASTER_ID,ITEM_CONTRACT_NAME,RICOH_ITEM_CODE,ITEM_TYPE,COST_TYPE,PARTITION_PRICE,CONTRACT_DETAIL_ID,BP_CD,R_COST,RJ_PURCHASE_PRICE,RJ_DIVIDING_PRICE,MOTHER_STORE_PRICE,TAX_FLAG,IFS_LINKAGE_FLG)
 VALUES (43,'2018/09/19 12:09:10','COTOS',NULL,NULL,0,491,5,'データSIM 初期費用','SI0000',1,1,1020.00,43,NULL,NULL,NULL,NULL,NULL,NULL,1);
INSERT INTO product_contract (ID,CREATED_AT,CREATED_USER_ID,UPDATED_AT,UPDATED_USER_ID,VERSION,PRODUCT_MASTER_ID,PRODUCT_CONTRACT_NAME,REP_ITEM_MASTER_ID,SERVICE_IDENT_NUMBER,CONTRACT_ID,EXTENDS_PARAMETER,EXTENDS_PARAMETER_ITERANCE)
 VALUES (4,'2018/09/19 12:09:10','COTOS','2018/09/19 12:09:10','COTOS',0,5,'SIM',489,'CS2019122401004',4,NULL,'{"extendsParameterList":[{"id":1,"contractType":"容量変更","productCode":"SI0002","productName":"データSIM Type-C 5GB","lineNumber":"101333333","serialNumber":"101999999","device":"","invoiceNumber":""},{"id":2,"contractType":"容量変更","productCode":"SI0001","productName":"データSIM Type-C 2GB","lineNumber":"201222222","serialNumber":"201888888","device":"","invoiceNumber":""},{"id":3,"contractType":"容量変更","productCode":"SI0001","productName":"データSIM Type-C 2GB","lineNumber":"301111111","serialNumber":"301999999","device":"","invoiceNumber":""}]}');
INSERT INTO contract_installation_location (ID,CREATED_AT,CREATED_USER_ID,UPDATED_AT,UPDATED_USER_ID,VERSION,MOM_KJB_SYSTEM_ID,MOM_CUST_ID,COMPANY_ID,OFFICE_ID,DEPARTMENT_DIV,CUSTOMER_NAME,COMPANY_NAME,COMPANY_NAME_KANA,OFFICE_NAME,DEPARTMENT_NAME,POST_NUMBER,ADDRESS,PHONE_NUMBER,FAX_NUMBER,COMPANY_REPRESENTATIVE_NAME,COMPANY_REPRESENTATIVE_NAME_KANA,PIC_NAME,PIC_NAME_KANA,PIC_DEPT_NAME,PIC_PHONE_NUMBER,PIC_FAX_NUMBER,PIC_MAIL_ADDRESS,INPUT_POST_NUMBER,INPUT_ADDRESS,CONTRACT_ID)
 VALUES (4,'2018/09/19 12:09:10','COTOS','2018/09/19 12:09:10','COTOS',1,000000003321099,000000002138176,000000000705467,000000001034118,2,'dummy_customer_name_location','dummy_company_name_location','dummy_company_name_kana_location','dummy_office_name_location','dummy_department_name_location','dummy_post_number_location','dummy_address_location','dummy_phone_number_location','dummy_fax_number_location','dummy_company_representative_name_location','dummy_company_representative_name_kana_location','dummy_pic_name_location','dummy_pic_name_kana_location','dummy_pic_dept_name_location','dummy_pic_phone_number_location','dummy_pic_fax_number_location','dummy_pic_mail_address_location','input_post_number_location','input_address_location',4);
INSERT INTO customer_contract (ID,CREATED_AT,CREATED_USER_ID,UPDATED_AT,UPDATED_USER_ID,VERSION,MOM_KJB_SYSTEM_ID,MOM_CUST_ID,COMPANY_ID,OFFICE_ID,DEPARTMENT_DIV,CUSTOMER_NAME,COMPANY_NAME,COMPANY_NAME_KANA,OFFICE_NAME,DEPARTMENT_NAME,POST_NUMBER,ADDRESS,PHONE_NUMBER,FAX_NUMBER,COMPANY_REPRESENTATIVE_NAME,COMPANY_REPRESENTATIVE_NAME_KANA,PIC_NAME,PIC_NAME_KANA,PIC_DEPT_NAME,PIC_PHONE_NUMBER,PIC_FAX_NUMBER,PIC_MAIL_ADDRESS,CONTRACT_ID,NETRICOH_ACCOUNT,SETUP_CORP_NM,SETUP_POST_CD,SETUP_ADDR,SETUP_TEL)
 VALUES (4,'2018/09/19 12:09:10','COTOS','2018/09/19 12:09:10','COTOS',1,000000006885229,000000005461171,000000004642769,000000002876148,2,'有限会社野＊建＊設計事務所＊＊＊＊＊','有限会社野＊建＊設計事務所',NULL,'＊＊＊','＊＊',8490201,'佐賀県佐賀市久保田町大字徳万９９－９９　ＸＸＸビル',0952684999,0952684999,NULL,'string','tes t','テス ト','dummy_pic_dept_name_customer','dummy_pic_phone_number_customer','dummy_pic_fax_number_customer','dummy_mail_address@xx.xx',4,NULL,NULL,NULL,NULL,NULL);
INSERT INTO contract_pic_sa_emp (ID,CREATED_AT,CREATED_USER_ID,UPDATED_AT,UPDATED_USER_ID,VERSION,MOM_EMPLOYEE_ID,MOM_ORG_ID,ORG_HIERARCHY_LEVEL,ORG_NAME,SALES_COMPANY_NAME,ORG_PHONE_NUMBER,EMPLOYEE_NAME,SALES_DEPARTMENT_NAME,POST_NUMBER,ADDRESS,PHONE_NUMBER,FAX_NUMBER,MAIL_ADDRESS,CONTRACT_ID,EXTENDS_PARAMETER,MOM_KJB_SYSTEM_ID,MOM_CUST_ID,SALES_COMPANY_NAME_KANA,COMPANY_REPRESENTATIVE_NAME,COMPANY_REPRESENTATIVE_NAME_KANA)
 VALUES (4,'2018/09/19 12:09:10','COTOS',NULL,NULL,0,'00465984','dummy_mom_org_id_1',1,'dummy_org_name_1','dummy_sales_company_name_1','dummy_org_phone_number_1','dummy_employee_name_1','dummy_sales_department_name_1','dummy_post_number_1','dummy_address_1','dummy_phone_number_1','dummy_fax_number_1','dummy_mail_address_1',4,NULL,NULL,NULL,NULL,NULL,NULL);
INSERT INTO arrangement (ID,CREATED_AT,CREATED_USER_ID,UPDATED_AT,UPDATED_USER_ID,VERSION,CONTRACT_ID,DISENGAGEMENT_FLG,WORKFLOW_STATUS)
 VALUES (4,'2018/09/19 12:09:10','COTOS','2018/09/19 12:09:10','COTOS',0,4,0,1);
INSERT INTO arrangement_work(ID,CREATED_AT,CREATED_USER_ID,UPDATED_AT,UPDATED_USER_ID,VERSION,ARRANGEMENT_ID,ARRANGEMENT_WORK_TYPE_MASTER_ID,WORKFLOW_STATUS,MEMO,HOLDING_FLG,APP_ID)
 VALUES (4,'2018/09/19 12:09:10','COTOS','2018/09/19 12:09:10','COTOS',0,4,3001,1,'dummy_memo',0,'cotos_dev');
 INSERT INTO arrangement_pic_worker_emp (ID,CREATED_AT,CREATED_USER_ID,UPDATED_AT,UPDATED_USER_ID,VERSION,MOM_EMPLOYEE_ID,MOM_ORG_ID,ORG_HIERARCHY_LEVEL,ORG_NAME,SALES_COMPANY_NAME,ORG_PHONE_NUMBER,EMPLOYEE_NAME,SALES_DEPARTMENT_NAME,POST_NUMBER,ADDRESS,PHONE_NUMBER,FAX_NUMBER,MAIL_ADDRESS,ARRANGEMENT_WORK_ID)
 VALUES (4,'2018/09/19 12:09:10','COTOS','2018/09/19 12:09:10','COTOS',0,'00229692',0913430,4,'販売事業本部　北海道支社　札幌南西営業部　南西第一営業所　','Ｒジャパン（北海道','050-3534-4277','玉村淳一','南西第一営業所','0600007','北海道札幌市中央区北七条西１３丁目９－１塚本ビル７号館　４Ｆ',NULL,NULL,'test@test.co.jp',4);